,playlist_name,youtube_playlist_link,song_name,song_link
0,Chill Vibes Playlist üìÄ Soul Music,https://www.youtube.com/watch?v=NmBwdtE1Nak&list=PLVaHAauGJY3GJvLVOlqGxp83qixjkrkKy,Playlist: Chill R&B/Soul Songs ‚ô´ late night chill,https://www.youtube.com/watch?v=NmBwdtE1Nak
1,Chill Vibes Playlist üìÄ Soul Music,https://www.youtube.com/watch?v=NmBwdtE1Nak&list=PLVaHAauGJY3GJvLVOlqGxp83qixjkrkKy,Time to Chill ~ R&B/Soul Playlist,https://www.youtube.com/watch?v=R9rRG94O3bE
2,Chill Vibes Playlist üìÄ Soul Music,https://www.youtube.com/watch?v=NmBwdtE1Nak&list=PLVaHAauGJY3GJvLVOlqGxp83qixjkrkKy,You've come so far - r&b playlist,https://www.youtube.com/watch?v=HuShtXJAgrk
3,Chill Vibes Playlist üìÄ Soul Music,https://www.youtube.com/watch?v=NmBwdtE1Nak&list=PLVaHAauGJY3GJvLVOlqGxp83qixjkrkKy,Chill R&B playlist / Search for peace of mind / Emotionl music mix,https://www.youtube.com/watch?v=7TQpUg3LdLw
4,Chill Vibes Playlist üìÄ Soul Music,https://www.youtube.com/watch?v=NmBwdtE1Nak&list=PLVaHAauGJY3GJvLVOlqGxp83qixjkrkKy,"Vibe with me / Smooth R&B Playlist for Chill, Study, Cleaning",https://www.youtube.com/watch?v=v4WBoJiyqs8
5,Chill Vibes Playlist üìÄ Soul Music,https://www.youtube.com/watch?v=NmBwdtE1Nak&list=PLVaHAauGJY3GJvLVOlqGxp83qixjkrkKy,Private video,https://www.youtube.com/watch?v=JmBQiUAMClo
6,Chill Vibes Playlist üìÄ Soul Music,https://www.youtube.com/watch?v=NmBwdtE1Nak&list=PLVaHAauGJY3GJvLVOlqGxp83qixjkrkKy,Private video,https://www.youtube.com/watch?v=M0B0qNi-7Kc
7,Chill Vibes Playlist üìÄ Soul Music,https://www.youtube.com/watch?v=NmBwdtE1Nak&list=PLVaHAauGJY3GJvLVOlqGxp83qixjkrkKy,Private video,https://www.youtube.com/watch?v=4E7gFAZdleo
8,Chill Vibes Playlist üìÄ Soul Music,https://www.youtube.com/watch?v=NmBwdtE1Nak&list=PLVaHAauGJY3GJvLVOlqGxp83qixjkrkKy,Private video,https://www.youtube.com/watch?v=FADu_sWc-4E
9,Chill Vibes Playlist üìÄ Soul Music,https://www.youtube.com/watch?v=NmBwdtE1Nak&list=PLVaHAauGJY3GJvLVOlqGxp83qixjkrkKy,Private video,https://www.youtube.com/watch?v=Fog0jZea4Qg
10,Chill Vibes Playlist üìÄ Soul Music,https://www.youtube.com/watch?v=NmBwdtE1Nak&list=PLVaHAauGJY3GJvLVOlqGxp83qixjkrkKy,Private video,https://www.youtube.com/watch?v=Tq6-DkJWajM
11,Chill Vibes Playlist üìÄ Soul Music,https://www.youtube.com/watch?v=NmBwdtE1Nak&list=PLVaHAauGJY3GJvLVOlqGxp83qixjkrkKy,Private video,https://www.youtube.com/watch?v=o1DNGNyU3Ks
12,Chill Vibes Playlist üìÄ Soul Music,https://www.youtube.com/watch?v=NmBwdtE1Nak&list=PLVaHAauGJY3GJvLVOlqGxp83qixjkrkKy,Private video,https://www.youtube.com/watch?v=mE1xVkUpDgE
13,Chill Vibes Playlist üìÄ Soul Music,https://www.youtube.com/watch?v=NmBwdtE1Nak&list=PLVaHAauGJY3GJvLVOlqGxp83qixjkrkKy,Private video,https://www.youtube.com/watch?v=qbi-74JEw7o
14,Chill Vibes Playlist üìÄ Soul Music,https://www.youtube.com/watch?v=NmBwdtE1Nak&list=PLVaHAauGJY3GJvLVOlqGxp83qixjkrkKy,Private video,https://www.youtube.com/watch?v=FB4GpO9Yft0
15,Chill Vibes Playlist üìÄ Soul Music,https://www.youtube.com/watch?v=NmBwdtE1Nak&list=PLVaHAauGJY3GJvLVOlqGxp83qixjkrkKy,Private video,https://www.youtube.com/watch?v=CDa7mfYWwuE
16,Chill Vibes Playlist üìÄ Soul Music,https://www.youtube.com/watch?v=NmBwdtE1Nak&list=PLVaHAauGJY3GJvLVOlqGxp83qixjkrkKy,Songs that make you believe in love ~ mood soul music ~ chill soul songs playlist,https://www.youtube.com/watch?v=rxcttAZdbKQ
17,Chill Vibes Playlist üìÄ Soul Music,https://www.youtube.com/watch?v=NmBwdtE1Nak&list=PLVaHAauGJY3GJvLVOlqGxp83qixjkrkKy,Private video,https://www.youtube.com/watch?v=jh2PA2H7Chg
18,Chill Vibes Playlist üìÄ Soul Music,https://www.youtube.com/watch?v=NmBwdtE1Nak&list=PLVaHAauGJY3GJvLVOlqGxp83qixjkrkKy,Private video,https://www.youtube.com/watch?v=6UeXeMahtFY
19,Chill Vibes Playlist üìÄ Soul Music,https://www.youtube.com/watch?v=NmBwdtE1Nak&list=PLVaHAauGJY3GJvLVOlqGxp83qixjkrkKy,Private video,https://www.youtube.com/watch?v=o_0kVjU7iiQ
20,Chill Vibes Playlist üìÄ Soul Music,https://www.youtube.com/watch?v=NmBwdtE1Nak&list=PLVaHAauGJY3GJvLVOlqGxp83qixjkrkKy,Private video,https://www.youtube.com/watch?v=AOx6Q5zdq90
21,Chill Vibes Playlist üìÄ Soul Music,https://www.youtube.com/watch?v=NmBwdtE1Nak&list=PLVaHAauGJY3GJvLVOlqGxp83qixjkrkKy,Private video,https://www.youtube.com/watch?v=UrBvDeMhdBE
22,Chill Vibes Playlist üìÄ Soul Music,https://www.youtube.com/watch?v=NmBwdtE1Nak&list=PLVaHAauGJY3GJvLVOlqGxp83qixjkrkKy,Private video,https://www.youtube.com/watch?v=3H0NjRwhJ5g
23,Chill Vibes Playlist üìÄ Soul Music,https://www.youtube.com/watch?v=NmBwdtE1Nak&list=PLVaHAauGJY3GJvLVOlqGxp83qixjkrkKy,Private video,https://www.youtube.com/watch?v=VgPwx5VsEIM
24,Chill Vibes Playlist üìÄ Soul Music,https://www.youtube.com/watch?v=NmBwdtE1Nak&list=PLVaHAauGJY3GJvLVOlqGxp83qixjkrkKy,Private video,https://www.youtube.com/watch?v=YjPPz_N2QbY
25,Chill Vibes Playlist üìÄ Soul Music,https://www.youtube.com/watch?v=NmBwdtE1Nak&list=PLVaHAauGJY3GJvLVOlqGxp83qixjkrkKy,Soul Feeling - Falling in love with life again - Best R&B Soul Playlist Mix,https://www.youtube.com/watch?v=F3o8CqO4OPw
26,Chill Vibes Playlist üìÄ Soul Music,https://www.youtube.com/watch?v=NmBwdtE1Nak&list=PLVaHAauGJY3GJvLVOlqGxp83qixjkrkKy,Private video,https://www.youtube.com/watch?v=BbEx6AEu4YI
27,Chill Vibes Playlist üìÄ Soul Music,https://www.youtube.com/watch?v=NmBwdtE1Nak&list=PLVaHAauGJY3GJvLVOlqGxp83qixjkrkKy,Private video,https://www.youtube.com/watch?v=4Pik0pMSzHc
28,Chill Vibes Playlist üìÄ Soul Music,https://www.youtube.com/watch?v=NmBwdtE1Nak&list=PLVaHAauGJY3GJvLVOlqGxp83qixjkrkKy,Private video,https://www.youtube.com/watch?v=rvNxR7joJCA
29,Chill Vibes Playlist üìÄ Soul Music,https://www.youtube.com/watch?v=NmBwdtE1Nak&list=PLVaHAauGJY3GJvLVOlqGxp83qixjkrkKy,Private video,https://www.youtube.com/watch?v=FubGh6w4nwE
30,Chill Vibes Playlist üìÄ Soul Music,https://www.youtube.com/watch?v=NmBwdtE1Nak&list=PLVaHAauGJY3GJvLVOlqGxp83qixjkrkKy,Private video,https://www.youtube.com/watch?v=cjO4W5lYX9M
31,Chill Vibes Playlist üìÄ Soul Music,https://www.youtube.com/watch?v=NmBwdtE1Nak&list=PLVaHAauGJY3GJvLVOlqGxp83qixjkrkKy,Private video,https://www.youtube.com/watch?v=fUg2wqyp-Xk
32,Chill Vibes Playlist üìÄ Soul Music,https://www.youtube.com/watch?v=NmBwdtE1Nak&list=PLVaHAauGJY3GJvLVOlqGxp83qixjkrkKy,Private video,https://www.youtube.com/watch?v=8GEkNBM1TrY
33,Chill Vibes Playlist üìÄ Soul Music,https://www.youtube.com/watch?v=NmBwdtE1Nak&list=PLVaHAauGJY3GJvLVOlqGxp83qixjkrkKy,Private video,https://www.youtube.com/watch?v=zYzdfqAn-L4
34,Chill Vibes Playlist üìÄ Soul Music,https://www.youtube.com/watch?v=NmBwdtE1Nak&list=PLVaHAauGJY3GJvLVOlqGxp83qixjkrkKy,Private video,https://www.youtube.com/watch?v=FubGh6w4nwE
35,Chill Vibes Playlist üìÄ Soul Music,https://www.youtube.com/watch?v=NmBwdtE1Nak&list=PLVaHAauGJY3GJvLVOlqGxp83qixjkrkKy,Private video,https://www.youtube.com/watch?v=cjO4W5lYX9M
36,Chill Vibes Playlist üìÄ Soul Music,https://www.youtube.com/watch?v=NmBwdtE1Nak&list=PLVaHAauGJY3GJvLVOlqGxp83qixjkrkKy,Private video,https://www.youtube.com/watch?v=fUg2wqyp-Xk
37,Chill Vibes Playlist üìÄ Soul Music,https://www.youtube.com/watch?v=NmBwdtE1Nak&list=PLVaHAauGJY3GJvLVOlqGxp83qixjkrkKy,Playlist Mordern Soul ~ come back to me ~ chill rnb soul songs,https://www.youtube.com/watch?v=yqG1DFcJX1g
38,Chill Vibes Playlist üìÄ Soul Music,https://www.youtube.com/watch?v=NmBwdtE1Nak&list=PLVaHAauGJY3GJvLVOlqGxp83qixjkrkKy,Playlist Mordern Soul ~ come back to me ~ chill rnb soul songs,https://www.youtube.com/watch?v=yqG1DFcJX1g
39,Chill Vibes Playlist üìÄ Soul Music,https://www.youtube.com/watch?v=NmBwdtE1Nak&list=PLVaHAauGJY3GJvLVOlqGxp83qixjkrkKy,Mood changing songs ‚ô¨ work things out - chilled soul r&b music,https://www.youtube.com/watch?v=89_At3mPd7I
40,Chill Vibes Playlist üìÄ Soul Music,https://www.youtube.com/watch?v=NmBwdtE1Nak&list=PLVaHAauGJY3GJvLVOlqGxp83qixjkrkKy,Best soul of the time ~ just doesn't feel right ~ chill rnb soul playlist,https://www.youtube.com/watch?v=XDgqlD8ch28
41,Chill Vibes Playlist üìÄ Soul Music,https://www.youtube.com/watch?v=NmBwdtE1Nak&list=PLVaHAauGJY3GJvLVOlqGxp83qixjkrkKy,"Let's relax the mood soul first, Dreams are gone ~ Soul R&b Song Change The Mood",https://www.youtube.com/watch?v=5QJr-sfA6Ek
42,Chill Vibes Playlist üìÄ Soul Music,https://www.youtube.com/watch?v=NmBwdtE1Nak&list=PLVaHAauGJY3GJvLVOlqGxp83qixjkrkKy,Modern Soul üéß Give it to me - Good mood music makes you feel positive / R&b Playlist Mix,https://www.youtube.com/watch?v=E_8UswYN3pw
43,Chill Vibes Playlist üìÄ Soul Music,https://www.youtube.com/watch?v=NmBwdtE1Nak&list=PLVaHAauGJY3GJvLVOlqGxp83qixjkrkKy,Chill Soul R&b Mix ‚ô¨ Let's relax the mood - Songs that put you in a good mood,https://www.youtube.com/watch?v=mUKfa3PrTkI
44,Beach Beats,https://www.youtube.com/watch?v=JlaMtLG0dl0&list=RDCLAK5uy_mC6cJlKJYzu5UqmrF-qIK9W8vJDxEwKFk&start_radio=1,Daylight,https://www.youtube.com/watch?v=JlaMtLG0dl0
45,Beach Beats,https://www.youtube.com/watch?v=JlaMtLG0dl0&list=RDCLAK5uy_mC6cJlKJYzu5UqmrF-qIK9W8vJDxEwKFk&start_radio=1,Piranha,https://www.youtube.com/watch?v=CEl0MDJXavw
46,Beach Beats,https://www.youtube.com/watch?v=JlaMtLG0dl0&list=RDCLAK5uy_mC6cJlKJYzu5UqmrF-qIK9W8vJDxEwKFk&start_radio=1,Peggy Gou - (It Goes Like) Nanana - Official Video,https://www.youtube.com/watch?v=sCz5y84dwuA
47,Beach Beats,https://www.youtube.com/watch?v=JlaMtLG0dl0&list=RDCLAK5uy_mC6cJlKJYzu5UqmrF-qIK9W8vJDxEwKFk&start_radio=1,Otherworld,https://www.youtube.com/watch?v=B5HYSf49JwU
48,Beach Beats,https://www.youtube.com/watch?v=JlaMtLG0dl0&list=RDCLAK5uy_mC6cJlKJYzu5UqmrF-qIK9W8vJDxEwKFk&start_radio=1,Ani Kuni (Edit),https://www.youtube.com/watch?v=snqTh24315o
49,Beach Beats,https://www.youtube.com/watch?v=JlaMtLG0dl0&list=RDCLAK5uy_mC6cJlKJYzu5UqmrF-qIK9W8vJDxEwKFk&start_radio=1,The Rapture Pt.III,https://www.youtube.com/watch?v=KNnzWaehR6s
50,Beach Beats,https://www.youtube.com/watch?v=JlaMtLG0dl0&list=RDCLAK5uy_mC6cJlKJYzu5UqmrF-qIK9W8vJDxEwKFk&start_radio=1,High Vibrations,https://www.youtube.com/watch?v=bec8JP5wkk4
51,Beach Beats,https://www.youtube.com/watch?v=JlaMtLG0dl0&list=RDCLAK5uy_mC6cJlKJYzu5UqmrF-qIK9W8vJDxEwKFk&start_radio=1,Anywhere (Road Trippin'),https://www.youtube.com/watch?v=VGSfucIfYDo
52,Beach Beats,https://www.youtube.com/watch?v=JlaMtLG0dl0&list=RDCLAK5uy_mC6cJlKJYzu5UqmrF-qIK9W8vJDxEwKFk&start_radio=1,LF SYSTEM - Afraid To Feel (Official Video),https://www.youtube.com/watch?v=EPVdGy9SBHI
53,Beach Beats,https://www.youtube.com/watch?v=JlaMtLG0dl0&list=RDCLAK5uy_mC6cJlKJYzu5UqmrF-qIK9W8vJDxEwKFk&start_radio=1,YEMI - Way That It Was (Official Audio),https://www.youtube.com/watch?v=N2UvsjUMmXY
54,Beach Beats,https://www.youtube.com/watch?v=JlaMtLG0dl0&list=RDCLAK5uy_mC6cJlKJYzu5UqmrF-qIK9W8vJDxEwKFk&start_radio=1,Bonobo - Rosewood (Official Audio),https://www.youtube.com/watch?v=o86icu6iI2U
55,Beach Beats,https://www.youtube.com/watch?v=JlaMtLG0dl0&list=RDCLAK5uy_mC6cJlKJYzu5UqmrF-qIK9W8vJDxEwKFk&start_radio=1,Tunnel,https://www.youtube.com/watch?v=P8LCrzZ3VSU
56,Beach Beats,https://www.youtube.com/watch?v=JlaMtLG0dl0&list=RDCLAK5uy_mC6cJlKJYzu5UqmrF-qIK9W8vJDxEwKFk&start_radio=1,Kong,https://www.youtube.com/watch?v=pkACVyU4PmA
57,Beach Beats,https://www.youtube.com/watch?v=JlaMtLG0dl0&list=RDCLAK5uy_mC6cJlKJYzu5UqmrF-qIK9W8vJDxEwKFk&start_radio=1,Ross From Friends - 'Love Divide' (Official Video),https://www.youtube.com/watch?v=BaFUKyqNcIg
58,Beach Beats,https://www.youtube.com/watch?v=JlaMtLG0dl0&list=RDCLAK5uy_mC6cJlKJYzu5UqmrF-qIK9W8vJDxEwKFk&start_radio=1,Palma,https://www.youtube.com/watch?v=-u1ywFVGVlA
59,Beach Beats,https://www.youtube.com/watch?v=JlaMtLG0dl0&list=RDCLAK5uy_mC6cJlKJYzu5UqmrF-qIK9W8vJDxEwKFk&start_radio=1,Turning Away,https://www.youtube.com/watch?v=90fdN2d_1NU
60,Beach Beats,https://www.youtube.com/watch?v=JlaMtLG0dl0&list=RDCLAK5uy_mC6cJlKJYzu5UqmrF-qIK9W8vJDxEwKFk&start_radio=1,Disciples - Solid Gold ft. bshp,https://www.youtube.com/watch?v=bi6tlbzXCO8
61,Beach Beats,https://www.youtube.com/watch?v=JlaMtLG0dl0&list=RDCLAK5uy_mC6cJlKJYzu5UqmrF-qIK9W8vJDxEwKFk&start_radio=1,Crazy,https://www.youtube.com/watch?v=vSnspscyCGc
62,Beach Beats,https://www.youtube.com/watch?v=JlaMtLG0dl0&list=RDCLAK5uy_mC6cJlKJYzu5UqmrF-qIK9W8vJDxEwKFk&start_radio=1,Deep Sea (DJ-Kicks),https://www.youtube.com/watch?v=I5qIoPvJ4-Y
63,Beach Beats,https://www.youtube.com/watch?v=JlaMtLG0dl0&list=RDCLAK5uy_mC6cJlKJYzu5UqmrF-qIK9W8vJDxEwKFk&start_radio=1,Never The Same,https://www.youtube.com/watch?v=d0OLTxKlKUk
64,Beach Beats,https://www.youtube.com/watch?v=JlaMtLG0dl0&list=RDCLAK5uy_mC6cJlKJYzu5UqmrF-qIK9W8vJDxEwKFk&start_radio=1,Forester - Thinking About You (Live Performance),https://www.youtube.com/watch?v=Zp6R11M6YAI
65,Beach Beats,https://www.youtube.com/watch?v=JlaMtLG0dl0&list=RDCLAK5uy_mC6cJlKJYzu5UqmrF-qIK9W8vJDxEwKFk&start_radio=1,Barry Can't Swim - El Layali,https://www.youtube.com/watch?v=JM_ogr3hDso
66,Beach Beats,https://www.youtube.com/watch?v=JlaMtLG0dl0&list=RDCLAK5uy_mC6cJlKJYzu5UqmrF-qIK9W8vJDxEwKFk&start_radio=1,Parachute,https://www.youtube.com/watch?v=nAYkaf_FPaU
67,Beach Beats,https://www.youtube.com/watch?v=JlaMtLG0dl0&list=RDCLAK5uy_mC6cJlKJYzu5UqmrF-qIK9W8vJDxEwKFk&start_radio=1,Dancing In The Dark (feat. Shungudzo),https://www.youtube.com/watch?v=Diuf7jvAHNk
68,Beach Beats,https://www.youtube.com/watch?v=JlaMtLG0dl0&list=RDCLAK5uy_mC6cJlKJYzu5UqmrF-qIK9W8vJDxEwKFk&start_radio=1,Faithless - This Feeling (feat. Suli Breaks & Nathan Ball) (Official Video),https://www.youtube.com/watch?v=UfPeOambsGg
69,Beach Beats,https://www.youtube.com/watch?v=JlaMtLG0dl0&list=RDCLAK5uy_mC6cJlKJYzu5UqmrF-qIK9W8vJDxEwKFk&start_radio=1,You Tell Me (Patawawa Remix),https://www.youtube.com/watch?v=akPVKkVg8-4
70,Beach Beats,https://www.youtube.com/watch?v=JlaMtLG0dl0&list=RDCLAK5uy_mC6cJlKJYzu5UqmrF-qIK9W8vJDxEwKFk&start_radio=1,Mi Casa (feat. Nandi),https://www.youtube.com/watch?v=Lk9v1gYJWh0
71,Beach Beats,https://www.youtube.com/watch?v=JlaMtLG0dl0&list=RDCLAK5uy_mC6cJlKJYzu5UqmrF-qIK9W8vJDxEwKFk&start_radio=1,Bellaire - Hot Summer feat. Venessa Jackson (Official Audio),https://www.youtube.com/watch?v=5KN5rrjLV4o
72,Beach Beats,https://www.youtube.com/watch?v=JlaMtLG0dl0&list=RDCLAK5uy_mC6cJlKJYzu5UqmrF-qIK9W8vJDxEwKFk&start_radio=1,Poolside ‚Äì¬†I Feel High (with L'Imp√©ratrice) (Official Music Video),https://www.youtube.com/watch?v=aAd2J70H_u8
73,Beach Beats,https://www.youtube.com/watch?v=JlaMtLG0dl0&list=RDCLAK5uy_mC6cJlKJYzu5UqmrF-qIK9W8vJDxEwKFk&start_radio=1,Come with Me,https://www.youtube.com/watch?v=U_ox3DxAcwQ
74,Beach Beats,https://www.youtube.com/watch?v=JlaMtLG0dl0&list=RDCLAK5uy_mC6cJlKJYzu5UqmrF-qIK9W8vJDxEwKFk&start_radio=1,"Bon Entendeur, Mac Gregor - Nan Ye Li Kan (Audio)",https://www.youtube.com/watch?v=2bVsah_B2dE
75,Beach Beats,https://www.youtube.com/watch?v=JlaMtLG0dl0&list=RDCLAK5uy_mC6cJlKJYzu5UqmrF-qIK9W8vJDxEwKFk&start_radio=1,Compasso Brasileiro,https://www.youtube.com/watch?v=jSvCyNzKV_k
76,Beach Beats,https://www.youtube.com/watch?v=JlaMtLG0dl0&list=RDCLAK5uy_mC6cJlKJYzu5UqmrF-qIK9W8vJDxEwKFk&start_radio=1,Hypnotized,https://www.youtube.com/watch?v=8yb2P6_fnYI
77,Beach Beats,https://www.youtube.com/watch?v=JlaMtLG0dl0&list=RDCLAK5uy_mC6cJlKJYzu5UqmrF-qIK9W8vJDxEwKFk&start_radio=1,Yung Bae - Straight Up Relaxin' feat. Cosmo's Midnight (Official Video),https://www.youtube.com/watch?v=g8ooxpa-rP0
78,Beach Beats,https://www.youtube.com/watch?v=JlaMtLG0dl0&list=RDCLAK5uy_mC6cJlKJYzu5UqmrF-qIK9W8vJDxEwKFk&start_radio=1,MOGUAI - Go Home (Official Music Video),https://www.youtube.com/watch?v=tXj29PFyXaY
79,Beach Beats,https://www.youtube.com/watch?v=JlaMtLG0dl0&list=RDCLAK5uy_mC6cJlKJYzu5UqmrF-qIK9W8vJDxEwKFk&start_radio=1,Over Me,https://www.youtube.com/watch?v=pJzRK_dfdIg
80,Beach Beats,https://www.youtube.com/watch?v=JlaMtLG0dl0&list=RDCLAK5uy_mC6cJlKJYzu5UqmrF-qIK9W8vJDxEwKFk&start_radio=1,Bellaire - Daytime (Official Audio),https://www.youtube.com/watch?v=A-StQTm1Vzk
81,Beach Beats,https://www.youtube.com/watch?v=JlaMtLG0dl0&list=RDCLAK5uy_mC6cJlKJYzu5UqmrF-qIK9W8vJDxEwKFk&start_radio=1,DJ Seinfeld - 'U Already Know' (Official Audio),https://www.youtube.com/watch?v=fhrWKulKwgY
82,Beach Beats,https://www.youtube.com/watch?v=JlaMtLG0dl0&list=RDCLAK5uy_mC6cJlKJYzu5UqmrF-qIK9W8vJDxEwKFk&start_radio=1,"Friends, Sun & Beach (Fede Garc√≠a Remix)",https://www.youtube.com/watch?v=U-_KG8GweHE
83,Beach Beats,https://www.youtube.com/watch?v=JlaMtLG0dl0&list=RDCLAK5uy_mC6cJlKJYzu5UqmrF-qIK9W8vJDxEwKFk&start_radio=1,Something Lyrical,https://www.youtube.com/watch?v=nzqw0vs7MAI
84,Beach Beats,https://www.youtube.com/watch?v=JlaMtLG0dl0&list=RDCLAK5uy_mC6cJlKJYzu5UqmrF-qIK9W8vJDxEwKFk&start_radio=1,Catching Flies - GLY (Official Audio),https://www.youtube.com/watch?v=WaeKl5oyoW4
85,Beach Beats,https://www.youtube.com/watch?v=JlaMtLG0dl0&list=RDCLAK5uy_mC6cJlKJYzu5UqmrF-qIK9W8vJDxEwKFk&start_radio=1,Remedy,https://www.youtube.com/watch?v=M3BzUKf0k1g
86,Beach Beats,https://www.youtube.com/watch?v=JlaMtLG0dl0&list=RDCLAK5uy_mC6cJlKJYzu5UqmrF-qIK9W8vJDxEwKFk&start_radio=1,Totally Enormous Extinct Dinosaurs - Persuasion,https://www.youtube.com/watch?v=q9uVWLN3Em4
87,Beach Beats,https://www.youtube.com/watch?v=JlaMtLG0dl0&list=RDCLAK5uy_mC6cJlKJYzu5UqmrF-qIK9W8vJDxEwKFk&start_radio=1,TSHA - 'Power' (Official Audio),https://www.youtube.com/watch?v=FNkds1TCiJ8
88,Beach Beats,https://www.youtube.com/watch?v=JlaMtLG0dl0&list=RDCLAK5uy_mC6cJlKJYzu5UqmrF-qIK9W8vJDxEwKFk&start_radio=1,RAC - 'Passion (Hotel Garuda Remix)',https://www.youtube.com/watch?v=iwKjYnJypxA
89,Beach Beats,https://www.youtube.com/watch?v=JlaMtLG0dl0&list=RDCLAK5uy_mC6cJlKJYzu5UqmrF-qIK9W8vJDxEwKFk&start_radio=1,Boston Bun - Whenever You're Ready (Official Video),https://www.youtube.com/watch?v=EZSf5DeA77s
90,Beach Beats,https://www.youtube.com/watch?v=JlaMtLG0dl0&list=RDCLAK5uy_mC6cJlKJYzu5UqmrF-qIK9W8vJDxEwKFk&start_radio=1,Low Tension (Jimpster Remix),https://www.youtube.com/watch?v=m3mquS2eQz4
91,Beach Beats,https://www.youtube.com/watch?v=JlaMtLG0dl0&list=RDCLAK5uy_mC6cJlKJYzu5UqmrF-qIK9W8vJDxEwKFk&start_radio=1,Luca & Nina Carr - Fever (Lyrics),https://www.youtube.com/watch?v=FEYDwGOqdtI
92,Beach Beats,https://www.youtube.com/watch?v=JlaMtLG0dl0&list=RDCLAK5uy_mC6cJlKJYzu5UqmrF-qIK9W8vJDxEwKFk&start_radio=1,Return to the Rainforest (Main Mix),https://www.youtube.com/watch?v=RLNiC_DtVjk
93,Melancholic But Beautiful Songs - Dream Pop,https://www.youtube.com/watch?v=vjncyiuwwXQ&list=PLuOrYafYkzMGxU0k7mQZHh9eIc4JRJaVc,Agnes Obel - Riverside (Official Video),https://www.youtube.com/watch?v=vjncyiuwwXQ
94,Melancholic But Beautiful Songs - Dream Pop,https://www.youtube.com/watch?v=vjncyiuwwXQ&list=PLuOrYafYkzMGxU0k7mQZHh9eIc4JRJaVc,Apocalypse - Cigarettes After Sex,https://www.youtube.com/watch?v=sElE_BfQ67s
95,Melancholic But Beautiful Songs - Dream Pop,https://www.youtube.com/watch?v=vjncyiuwwXQ&list=PLuOrYafYkzMGxU0k7mQZHh9eIc4JRJaVc,Lord Huron - The Night We Met (Official Audio),https://www.youtube.com/watch?v=KtlgYxa6BMU
96,Melancholic But Beautiful Songs - Dream Pop,https://www.youtube.com/watch?v=vjncyiuwwXQ&list=PLuOrYafYkzMGxU0k7mQZHh9eIc4JRJaVc,Still Corners - The Trip,https://www.youtube.com/watch?v=V5YOhcAof8I
97,Melancholic But Beautiful Songs - Dream Pop,https://www.youtube.com/watch?v=vjncyiuwwXQ&list=PLuOrYafYkzMGxU0k7mQZHh9eIc4JRJaVc,Norah Jones - Don't Know Why (Lyrics on Screen),https://www.youtube.com/watch?v=7Mh8bxvdCdc
98,Melancholic But Beautiful Songs - Dream Pop,https://www.youtube.com/watch?v=vjncyiuwwXQ&list=PLuOrYafYkzMGxU0k7mQZHh9eIc4JRJaVc,Slushii & sapientdream - Painter,https://www.youtube.com/watch?v=FNiynh8P6YI
99,Melancholic But Beautiful Songs - Dream Pop,https://www.youtube.com/watch?v=vjncyiuwwXQ&list=PLuOrYafYkzMGxU0k7mQZHh9eIc4JRJaVc,Fade Into You,https://www.youtube.com/watch?v=avv2IIdDnnk
100,Melancholic But Beautiful Songs - Dream Pop,https://www.youtube.com/watch?v=vjncyiuwwXQ&list=PLuOrYafYkzMGxU0k7mQZHh9eIc4JRJaVc,Men I Trust - Lauren,https://www.youtube.com/watch?v=TNsSBhl_2LI
101,Melancholic But Beautiful Songs - Dream Pop,https://www.youtube.com/watch?v=vjncyiuwwXQ&list=PLuOrYafYkzMGxU0k7mQZHh9eIc4JRJaVc,Cannons ‚Äì Golden (Harry Styles Cover),https://www.youtube.com/watch?v=bd-MRcTbx7k
102,Melancholic But Beautiful Songs - Dream Pop,https://www.youtube.com/watch?v=vjncyiuwwXQ&list=PLuOrYafYkzMGxU0k7mQZHh9eIc4JRJaVc,Deleted video,https://www.youtube.com/watch?v=5gOAPhSxXbM
103,Melancholic But Beautiful Songs - Dream Pop,https://www.youtube.com/watch?v=vjncyiuwwXQ&list=PLuOrYafYkzMGxU0k7mQZHh9eIc4JRJaVc,Massive Attack Ft. Hope Sandoval - Paradise Circus,https://www.youtube.com/watch?v=daoY5iPorMc
104,Melancholic But Beautiful Songs - Dream Pop,https://www.youtube.com/watch?v=vjncyiuwwXQ&list=PLuOrYafYkzMGxU0k7mQZHh9eIc4JRJaVc,Deleted video,https://www.youtube.com/watch?v=mTHjFeXmnHs
105,Melancholic But Beautiful Songs - Dream Pop,https://www.youtube.com/watch?v=vjncyiuwwXQ&list=PLuOrYafYkzMGxU0k7mQZHh9eIc4JRJaVc,Zero 7 - Destiny [Full-Length] [HQ],https://www.youtube.com/watch?v=idtRhja2rAM
106,Melancholic But Beautiful Songs - Dream Pop,https://www.youtube.com/watch?v=vjncyiuwwXQ&list=PLuOrYafYkzMGxU0k7mQZHh9eIc4JRJaVc,Clara Benin - Come Away with Me ( Norah Jones cover),https://www.youtube.com/watch?v=0bAHdE7q5U8
107,Melancholic But Beautiful Songs - Dream Pop,https://www.youtube.com/watch?v=vjncyiuwwXQ&list=PLuOrYafYkzMGxU0k7mQZHh9eIc4JRJaVc,Deleted video,https://www.youtube.com/watch?v=1lI8Fqyu41c
108,Melancholic But Beautiful Songs - Dream Pop,https://www.youtube.com/watch?v=vjncyiuwwXQ&list=PLuOrYafYkzMGxU0k7mQZHh9eIc4JRJaVc,Alanis Morissette - Thank U (Official Video),https://www.youtube.com/watch?v=OOgpT5rEKIU
109,Melancholic But Beautiful Songs - Dream Pop,https://www.youtube.com/watch?v=vjncyiuwwXQ&list=PLuOrYafYkzMGxU0k7mQZHh9eIc4JRJaVc,Greg Laswell - Your ghost NEW SONG,https://www.youtube.com/watch?v=DejH3qnhQrA
110,Melancholic But Beautiful Songs - Dream Pop,https://www.youtube.com/watch?v=vjncyiuwwXQ&list=PLuOrYafYkzMGxU0k7mQZHh9eIc4JRJaVc,Cowboy Junkies - Sweet Jane (Official Video),https://www.youtube.com/watch?v=Fa9nN3G2CSg
111,Melancholic But Beautiful Songs - Dream Pop,https://www.youtube.com/watch?v=vjncyiuwwXQ&list=PLuOrYafYkzMGxU0k7mQZHh9eIc4JRJaVc,Cigarettes After Sex - Nothing's Gonna Hurt You Baby,https://www.youtube.com/watch?v=R2LQdh42neg
112,Melancholic But Beautiful Songs - Dream Pop,https://www.youtube.com/watch?v=vjncyiuwwXQ&list=PLuOrYafYkzMGxU0k7mQZHh9eIc4JRJaVc,Beck - Say Goodbye (Live on The Tonight Show),https://www.youtube.com/watch?v=3B8uTd4Tfno
113,Melancholic But Beautiful Songs - Dream Pop,https://www.youtube.com/watch?v=vjncyiuwwXQ&list=PLuOrYafYkzMGxU0k7mQZHh9eIc4JRJaVc,Massive Attack - Teardrop (Official Video),https://www.youtube.com/watch?v=u7K72X4eo_s
114,Melancholic But Beautiful Songs - Dream Pop,https://www.youtube.com/watch?v=vjncyiuwwXQ&list=PLuOrYafYkzMGxU0k7mQZHh9eIc4JRJaVc,"CHROMATICS ""SHADOW"" (Official Video)",https://www.youtube.com/watch?v=IGUboLZx3Tk
115,Melancholic But Beautiful Songs - Dream Pop,https://www.youtube.com/watch?v=vjncyiuwwXQ&list=PLuOrYafYkzMGxU0k7mQZHh9eIc4JRJaVc,David Lynch & Lykke Li - I'm Waiting Here,https://www.youtube.com/watch?v=3SpG7C4vHZQ
116,Melancholic But Beautiful Songs - Dream Pop,https://www.youtube.com/watch?v=vjncyiuwwXQ&list=PLuOrYafYkzMGxU0k7mQZHh9eIc4JRJaVc,Zero 7 - In The Waiting Line,https://www.youtube.com/watch?v=5tZlu4wP4pw
117,Melancholic But Beautiful Songs - Dream Pop,https://www.youtube.com/watch?v=vjncyiuwwXQ&list=PLuOrYafYkzMGxU0k7mQZHh9eIc4JRJaVc,Chet Faker - Gold (Official Music Video),https://www.youtube.com/watch?v=hi4pzKvuEQM
118,Melancholic But Beautiful Songs - Dream Pop,https://www.youtube.com/watch?v=vjncyiuwwXQ&list=PLuOrYafYkzMGxU0k7mQZHh9eIc4JRJaVc,Portishead - Roads,https://www.youtube.com/watch?v=Vg1jyL3cr60
119,Melancholic But Beautiful Songs - Dream Pop,https://www.youtube.com/watch?v=vjncyiuwwXQ&list=PLuOrYafYkzMGxU0k7mQZHh9eIc4JRJaVc,Youth - Daughter,https://www.youtube.com/watch?v=VEpMj-tqixs
120,Melancholic But Beautiful Songs - Dream Pop,https://www.youtube.com/watch?v=vjncyiuwwXQ&list=PLuOrYafYkzMGxU0k7mQZHh9eIc4JRJaVc,Seafret - Give Me Something [Official Video],https://www.youtube.com/watch?v=3ou8PXfDhFI
121,Melancholic But Beautiful Songs - Dream Pop,https://www.youtube.com/watch?v=vjncyiuwwXQ&list=PLuOrYafYkzMGxU0k7mQZHh9eIc4JRJaVc,Cyn - I‚Äôll Still Have Me,https://www.youtube.com/watch?v=-MZgtCp8mtc
122,Melancholic But Beautiful Songs - Dream Pop,https://www.youtube.com/watch?v=vjncyiuwwXQ&list=PLuOrYafYkzMGxU0k7mQZHh9eIc4JRJaVc,Pale Waves - Television Romance,https://www.youtube.com/watch?v=ot1j5M5PTC4
123,Melancholic But Beautiful Songs - Dream Pop,https://www.youtube.com/watch?v=vjncyiuwwXQ&list=PLuOrYafYkzMGxU0k7mQZHh9eIc4JRJaVc,Agnes Obel - Dorian (Official Video),https://www.youtube.com/watch?v=HJzp2SRs0Ak
124,Melancholic But Beautiful Songs - Dream Pop,https://www.youtube.com/watch?v=vjncyiuwwXQ&list=PLuOrYafYkzMGxU0k7mQZHh9eIc4JRJaVc,Summertime Sadness  - Lana Del Rey (Cover) by Alice Kristiansen,https://www.youtube.com/watch?v=-gicUbM_v_s
125,Melancholic But Beautiful Songs - Dream Pop,https://www.youtube.com/watch?v=vjncyiuwwXQ&list=PLuOrYafYkzMGxU0k7mQZHh9eIc4JRJaVc,Mazzy Star Into Dust,https://www.youtube.com/watch?v=Ep50EOiicJ8
126,Melancholic But Beautiful Songs - Dream Pop,https://www.youtube.com/watch?v=vjncyiuwwXQ&list=PLuOrYafYkzMGxU0k7mQZHh9eIc4JRJaVc,Kate Bush - Cloudbusting - Official Music Video,https://www.youtube.com/watch?v=pllRW9wETzw
127,Melancholic But Beautiful Songs - Dream Pop,https://www.youtube.com/watch?v=vjncyiuwwXQ&list=PLuOrYafYkzMGxU0k7mQZHh9eIc4JRJaVc,Fever Ray 'Keep The Streets Empty For Me',https://www.youtube.com/watch?v=jWFb5z3kUSQ
128,Melancholic But Beautiful Songs - Dream Pop,https://www.youtube.com/watch?v=vjncyiuwwXQ&list=PLuOrYafYkzMGxU0k7mQZHh9eIc4JRJaVc,Mogwai - Take Me Somewhere Nice,https://www.youtube.com/watch?v=luM6oeCM7Yw
129,Melancholic But Beautiful Songs - Dream Pop,https://www.youtube.com/watch?v=vjncyiuwwXQ&list=PLuOrYafYkzMGxU0k7mQZHh9eIc4JRJaVc,Mad World - Gary Jules / Tears For Fears (Cover by Jasmine Thompson),https://www.youtube.com/watch?v=ENJUB5thpB4
130,Melancholic But Beautiful Songs - Dream Pop,https://www.youtube.com/watch?v=vjncyiuwwXQ&list=PLuOrYafYkzMGxU0k7mQZHh9eIc4JRJaVc,My Bloody Valentine - Only Shallow (Official Music Video),https://www.youtube.com/watch?v=FyYMzEplnfU
131,Melancholic But Beautiful Songs - Dream Pop,https://www.youtube.com/watch?v=vjncyiuwwXQ&list=PLuOrYafYkzMGxU0k7mQZHh9eIc4JRJaVc,Ocean Grove - BABY COBRA,https://www.youtube.com/watch?v=Wn-18CKOsSs
132,Melancholic But Beautiful Songs - Dream Pop,https://www.youtube.com/watch?v=vjncyiuwwXQ&list=PLuOrYafYkzMGxU0k7mQZHh9eIc4JRJaVc,Slowdive - Alison,https://www.youtube.com/watch?v=AMPpMfjnn-I
133,Melancholic But Beautiful Songs - Dream Pop,https://www.youtube.com/watch?v=vjncyiuwwXQ&list=PLuOrYafYkzMGxU0k7mQZHh9eIc4JRJaVc,Morcheeba - Blood Like Lemonade [HQ ],https://www.youtube.com/watch?v=W7WDUB3ZojE
134,Melancholic But Beautiful Songs - Dream Pop,https://www.youtube.com/watch?v=vjncyiuwwXQ&list=PLuOrYafYkzMGxU0k7mQZHh9eIc4JRJaVc,Svefn-g-englar  [Official Video],https://www.youtube.com/watch?v=8L64BcCRDAE
135,Melancholic But Beautiful Songs - Dream Pop,https://www.youtube.com/watch?v=vjncyiuwwXQ&list=PLuOrYafYkzMGxU0k7mQZHh9eIc4JRJaVc,"M83 - ""Wait"" (Official Video)",https://www.youtube.com/watch?v=lAwYodrBr2Q
136,Melancholic But Beautiful Songs - Dream Pop,https://www.youtube.com/watch?v=vjncyiuwwXQ&list=PLuOrYafYkzMGxU0k7mQZHh9eIc4JRJaVc,Miss Misery by Elliott Smith [Lyrics] Good Will Hunting (ending song),https://www.youtube.com/watch?v=qkmxbZTos6w
137,Melancholic But Beautiful Songs - Dream Pop,https://www.youtube.com/watch?v=vjncyiuwwXQ&list=PLuOrYafYkzMGxU0k7mQZHh9eIc4JRJaVc,"Sufjan Stevens, ""Should Have Known Better"" (Official Audio)",https://www.youtube.com/watch?v=lJJT00wqlOo
138,Melancholic But Beautiful Songs - Dream Pop,https://www.youtube.com/watch?v=vjncyiuwwXQ&list=PLuOrYafYkzMGxU0k7mQZHh9eIc4JRJaVc,Elliott Smith - Angeles,https://www.youtube.com/watch?v=FMSU4QDbdew
139,Melancholic But Beautiful Songs - Dream Pop,https://www.youtube.com/watch?v=vjncyiuwwXQ&list=PLuOrYafYkzMGxU0k7mQZHh9eIc4JRJaVc,Mazzy Star - California,https://www.youtube.com/watch?v=GuccUMcsLdQ
140,Melancholic But Beautiful Songs - Dream Pop,https://www.youtube.com/watch?v=vjncyiuwwXQ&list=PLuOrYafYkzMGxU0k7mQZHh9eIc4JRJaVc,Zero7 - Passing By,https://www.youtube.com/watch?v=hFeiKq9OvRA
141,Melancholic But Beautiful Songs - Dream Pop,https://www.youtube.com/watch?v=vjncyiuwwXQ&list=PLuOrYafYkzMGxU0k7mQZHh9eIc4JRJaVc,Glass Animals - Hazey (Official Video),https://www.youtube.com/watch?v=nOHEuhJf7nA
142,Melancholic But Beautiful Songs - Dream Pop,https://www.youtube.com/watch?v=vjncyiuwwXQ&list=PLuOrYafYkzMGxU0k7mQZHh9eIc4JRJaVc,alt-J - Hunger Of The Pine (Official Video),https://www.youtube.com/watch?v=dCCXq9QB-dQ
143,üôÅ Melancholic Music (Royalty Free),https://www.youtube.com/watch?v=AcOcYUuxL2A&list=PLfP6i5T0-DkIfO6yjk6ZCdkPuG_jsAI5y,"üôÅ Melancholic Cinematic (Royalty Free Music) - ""A KIND OF HOPE"" by Scott Buckley üá∏üá™ üá¶üá∫",https://www.youtube.com/watch?v=AcOcYUuxL2A
144,üôÅ Melancholic Music (Royalty Free),https://www.youtube.com/watch?v=AcOcYUuxL2A&list=PLfP6i5T0-DkIfO6yjk6ZCdkPuG_jsAI5y,"üêª Nostalgic Music [Copyright Free Music] - ""Brahe"" by Punch Deck üåé",https://www.youtube.com/watch?v=azNw-vQhAXQ
145,üôÅ Melancholic Music (Royalty Free),https://www.youtube.com/watch?v=AcOcYUuxL2A&list=PLfP6i5T0-DkIfO6yjk6ZCdkPuG_jsAI5y,'Miss Emeli' by General Vibe üá≥üáø | Sad Indie Music (No Copyright) üòî,https://www.youtube.com/watch?v=nbNeMkE7ks8
146,üôÅ Melancholic Music (Royalty Free),https://www.youtube.com/watch?v=AcOcYUuxL2A&list=PLfP6i5T0-DkIfO6yjk6ZCdkPuG_jsAI5y,'Childhood' by Scott Buckley üá¶üá∫ | Nostalgic Piano Music (No Copyright) üê§,https://www.youtube.com/watch?v=cmXrHQENZ6A
147,üôÅ Melancholic Music (Royalty Free),https://www.youtube.com/watch?v=AcOcYUuxL2A&list=PLfP6i5T0-DkIfO6yjk6ZCdkPuG_jsAI5y,'The Age Of Wood' by Savfk üáÆüáπ | Cello Music (No Copyright) üéª,https://www.youtube.com/watch?v=Q6CRmIXcrxw
148,üôÅ Melancholic Music (Royalty Free),https://www.youtube.com/watch?v=AcOcYUuxL2A&list=PLfP6i5T0-DkIfO6yjk6ZCdkPuG_jsAI5y,[Non Copyrighted Music] Scott Buckley - Growing Up [Piano],https://www.youtube.com/watch?v=kQSoW1VnkH4
149,üôÅ Melancholic Music (Royalty Free),https://www.youtube.com/watch?v=AcOcYUuxL2A&list=PLfP6i5T0-DkIfO6yjk6ZCdkPuG_jsAI5y,'Filaments' by @ScottBuckley  üá¶üá∫ | Sad Ambiental Music (No Copyright) üòî,https://www.youtube.com/watch?v=taAxpw03dgM
150,üôÅ Melancholic Music (Royalty Free),https://www.youtube.com/watch?v=AcOcYUuxL2A&list=PLfP6i5T0-DkIfO6yjk6ZCdkPuG_jsAI5y,[Non Copyrighted Music] Josh Lippi & The Overtimers - St. Francis [Sad],https://www.youtube.com/watch?v=pLEZgGeTnY8
151,üôÅ Melancholic Music (Royalty Free),https://www.youtube.com/watch?v=AcOcYUuxL2A&list=PLfP6i5T0-DkIfO6yjk6ZCdkPuG_jsAI5y,"üòô Copyright Free Love Music - ""Let You Go"" by KENER üáµüá™",https://www.youtube.com/watch?v=Y7T-Pn1kOc8
152,üôÅ Melancholic Music (Royalty Free),https://www.youtube.com/watch?v=AcOcYUuxL2A&list=PLfP6i5T0-DkIfO6yjk6ZCdkPuG_jsAI5y,"üêí Copyright Free R&B Music - ""Go"" by Tomh üá´üá∑",https://www.youtube.com/watch?v=lzk-aeqmscI
153,üôÅ Melancholic Music (Royalty Free),https://www.youtube.com/watch?v=AcOcYUuxL2A&list=PLfP6i5T0-DkIfO6yjk6ZCdkPuG_jsAI5y,"üå∫ Copyright Free Romantic Background Music - ""Lullaby"" by Purrple Cat üá∫üá∏",https://www.youtube.com/watch?v=powKEGuPvjc
154,üôÅ Melancholic Music (Royalty Free),https://www.youtube.com/watch?v=AcOcYUuxL2A&list=PLfP6i5T0-DkIfO6yjk6ZCdkPuG_jsAI5y,"üåª Future Bass (No Copyright) - ""Love You Like Before"" by North Wind & Kanchan Thanvi",https://www.youtube.com/watch?v=GqUWZOic2GM
155,üôÅ Melancholic Music (Royalty Free),https://www.youtube.com/watch?v=AcOcYUuxL2A&list=PLfP6i5T0-DkIfO6yjk6ZCdkPuG_jsAI5y,"üòì Sad Piano Ambient Music (Copyright Free) - ""Undertow"" by @ScottBuckley  üá¶üá∫",https://www.youtube.com/watch?v=3TKghKSDnEM
156,üôÅ Melancholic Music (Royalty Free),https://www.youtube.com/watch?v=AcOcYUuxL2A&list=PLfP6i5T0-DkIfO6yjk6ZCdkPuG_jsAI5y,"üíÉüèª Romantic Instrumental Music (Royalty Free) - ""Love Waltz"" by Nikos Spiliotis üá¨üá∑",https://www.youtube.com/watch?v=ZRgDMewQk-c
157,üôÅ Melancholic Music (Royalty Free),https://www.youtube.com/watch?v=AcOcYUuxL2A&list=PLfP6i5T0-DkIfO6yjk6ZCdkPuG_jsAI5y,"üèõÔ∏è Free Classical Music (For Videos) - ""A Better Future"" by Miguel Johnson üá∫üá∏",https://www.youtube.com/watch?v=TjX34wmhFC4
158,üôÅ Melancholic Music (Royalty Free),https://www.youtube.com/watch?v=AcOcYUuxL2A&list=PLfP6i5T0-DkIfO6yjk6ZCdkPuG_jsAI5y,"üòû Emotional Ambient Cinematic Music (For Videos) - ""Last Promise"" by Nettson üá´üá∑",https://www.youtube.com/watch?v=oje0cvWpP2I
159,üôÅ Melancholic Music (Royalty Free),https://www.youtube.com/watch?v=AcOcYUuxL2A&list=PLfP6i5T0-DkIfO6yjk6ZCdkPuG_jsAI5y,"ü§ß Emotional Lofi Instrumental (Music For Videos) - ""Miss You"" by Middle Child üá∫üá∏",https://www.youtube.com/watch?v=eJ-LvX9HLrU
160,üôÅ Melancholic Music (Royalty Free),https://www.youtube.com/watch?v=AcOcYUuxL2A&list=PLfP6i5T0-DkIfO6yjk6ZCdkPuG_jsAI5y,"üåº Ambient Chillstep & Lofi (Music For Videos) - ""Leaving"" by AER√òHEAD üá∫üá∏",https://www.youtube.com/watch?v=cTMOQiY0axo
161,üôÅ Melancholic Music (Royalty Free),https://www.youtube.com/watch?v=AcOcYUuxL2A&list=PLfP6i5T0-DkIfO6yjk6ZCdkPuG_jsAI5y,"üò∂ Emotional Calm Piano (Music For Videos) - ""Illusions"" by Keys Of Moon üá∫üá∏",https://www.youtube.com/watch?v=vRs53qA_B7w
162,üôÅ Melancholic Music (Royalty Free),https://www.youtube.com/watch?v=AcOcYUuxL2A&list=PLfP6i5T0-DkIfO6yjk6ZCdkPuG_jsAI5y,"üêº Oriental Instrumental (Music For Videos) - ""Remember"" by Tomh üá´üá∑",https://www.youtube.com/watch?v=sIFpk95xLk4
163,üôÅ Melancholic Music (Royalty Free),https://www.youtube.com/watch?v=AcOcYUuxL2A&list=PLfP6i5T0-DkIfO6yjk6ZCdkPuG_jsAI5y,"ü§ß Emotional & Inspiring Piano (Music For Videos) - ""Warm Memories"" by Keys Of Moon üá∫üá∏",https://www.youtube.com/watch?v=zpZB6kMKxeE
164,üôÅ Melancholic Music (Royalty Free),https://www.youtube.com/watch?v=AcOcYUuxL2A&list=PLfP6i5T0-DkIfO6yjk6ZCdkPuG_jsAI5y,"üò¥ Sleeping & Ambient (Music For Videos) - ""Jul"" by Scott Buckley üá¶üá∫",https://www.youtube.com/watch?v=pHJfHK4jb6E
165,üôÅ Melancholic Music (Royalty Free),https://www.youtube.com/watch?v=AcOcYUuxL2A&list=PLfP6i5T0-DkIfO6yjk6ZCdkPuG_jsAI5y,"ü¶© Nostalgic Chillstep (Music For Videos) - ""Lights Of Elysium"" by AER√òHEAD üá∫üá∏",https://www.youtube.com/watch?v=fCrI_MXz7gk
166,üôÅ Melancholic Music (Royalty Free),https://www.youtube.com/watch?v=AcOcYUuxL2A&list=PLfP6i5T0-DkIfO6yjk6ZCdkPuG_jsAI5y,"üíå Royalty Free Romantic Piano Music - ""Blooming Melody"" by Keys Of Moon üá∫üá∏ üá∑üá∫",https://www.youtube.com/watch?v=3S8CXHs2yyo
167,üôÅ Melancholic Music (Royalty Free),https://www.youtube.com/watch?v=AcOcYUuxL2A&list=PLfP6i5T0-DkIfO6yjk6ZCdkPuG_jsAI5y,"üåº Royalty Free Nostalgic Orchestral Music (For Videos) - ""To See The Past"" by Hayden Folker üá∫üá∏",https://www.youtube.com/watch?v=x66xYJn5Oco
168,üôÅ Melancholic Music (Royalty Free),https://www.youtube.com/watch?v=AcOcYUuxL2A&list=PLfP6i5T0-DkIfO6yjk6ZCdkPuG_jsAI5y,"üé≠ Royalty Free Drama Suspense Music (For Videos) - ""Sanctuary"" by @ScottBuckley üá¶üá∫ üá∏üá™",https://www.youtube.com/watch?v=g_Chrd10ntA
169,üôÅ Melancholic Music (Royalty Free),https://www.youtube.com/watch?v=AcOcYUuxL2A&list=PLfP6i5T0-DkIfO6yjk6ZCdkPuG_jsAI5y,"‚òπÔ∏è Sad Piano (Royalty Free Music) - ""Stillstand"" by @Myuu üá∫üá∏",https://www.youtube.com/watch?v=qg9xayHvhcE
170,üôÅ Melancholic Music (Royalty Free),https://www.youtube.com/watch?v=AcOcYUuxL2A&list=PLfP6i5T0-DkIfO6yjk6ZCdkPuG_jsAI5y,"Sad Soundtrack (Royalty Free Music) - ""WHAT HAPPENS WHEN WE DIE"" by @SavfkMusic üáÆüáπ üá¨üáß",https://www.youtube.com/watch?v=f3tvj_Wil6w
171,üôÅ Melancholic Music (Royalty Free),https://www.youtube.com/watch?v=AcOcYUuxL2A&list=PLfP6i5T0-DkIfO6yjk6ZCdkPuG_jsAI5y,"üéπ Piano & Christmas (Royalty Free Music) - ""MIDVINTER"" by @ScottBuckley üá¶üá∫ üá∏üá™",https://www.youtube.com/watch?v=39qqMEisqxU
172,üôÅ Melancholic Music (Royalty Free),https://www.youtube.com/watch?v=AcOcYUuxL2A&list=PLfP6i5T0-DkIfO6yjk6ZCdkPuG_jsAI5y,"üëÇ Easy listening & Chill (Royalty Free Music) - ""COZY PLACE"" by @KeysofMoonMusic üá∫üá∏ üá∑üá∫",https://www.youtube.com/watch?v=SO-ibuo_TAI
173,üôÅ Melancholic Music (Royalty Free),https://www.youtube.com/watch?v=AcOcYUuxL2A&list=PLfP6i5T0-DkIfO6yjk6ZCdkPuG_jsAI5y,"ü¶© Lofi & Nostalgic (Royalty Free Music) - ""THOSE DAYS WHEN WE WERE HAPPY"" by Babasmas üê¢",https://www.youtube.com/watch?v=eCNxWugIsRk
174,üôÅ Melancholic Music (Royalty Free),https://www.youtube.com/watch?v=AcOcYUuxL2A&list=PLfP6i5T0-DkIfO6yjk6ZCdkPuG_jsAI5y,"üòî Sad Guitar (Royalty Free Music) - ""ONLY MEMORIES REMAIN"" by Hayden folker üá∫üá∏",https://www.youtube.com/watch?v=eT8iXqaqox0
175,üôÅ Melancholic Music (Royalty Free),https://www.youtube.com/watch?v=AcOcYUuxL2A&list=PLfP6i5T0-DkIfO6yjk6ZCdkPuG_jsAI5y,"üéπ Piano & Soft (Royalty Free Music) - ""GENTLE AND SOFT"" by Alex Productions üáÆüáπ",https://www.youtube.com/watch?v=7V8MQ20cc0s
176,üôÅ Melancholic Music (Royalty Free),https://www.youtube.com/watch?v=AcOcYUuxL2A&list=PLfP6i5T0-DkIfO6yjk6ZCdkPuG_jsAI5y,"üåπ Ambient & Chill (Royalty Free Music) - ""FLOWER"" by Onycs üá´üá∑",https://www.youtube.com/watch?v=X_M-xy9mk2M
177,üôÅ Melancholic Music (Royalty Free),https://www.youtube.com/watch?v=AcOcYUuxL2A&list=PLfP6i5T0-DkIfO6yjk6ZCdkPuG_jsAI5y,"ü¶å Soundtrack & Cinematic (Royalty Free Music) - ""LAST AND FIRST LIGHT"" by Scott Buckley",https://www.youtube.com/watch?v=IxCj8GNqcrI
178,üôÅ Melancholic Music (Royalty Free),https://www.youtube.com/watch?v=AcOcYUuxL2A&list=PLfP6i5T0-DkIfO6yjk6ZCdkPuG_jsAI5y,"üçÇ Autumn (Royalty Free Music) - ""ETHEREAL GUITARS"" by Alexander Nakarada üá≥üá¥",https://www.youtube.com/watch?v=QELj_-22ihQ
179,üôÅ Melancholic Music (Royalty Free),https://www.youtube.com/watch?v=AcOcYUuxL2A&list=PLfP6i5T0-DkIfO6yjk6ZCdkPuG_jsAI5y,"üíó Sentimental & Piano (Royalty Free Music) - ""YULETIDE"" by The Piano Says üá®üá¶",https://www.youtube.com/watch?v=6gA7DDIL7WU
180,üôÅ Melancholic Music (Royalty Free),https://www.youtube.com/watch?v=AcOcYUuxL2A&list=PLfP6i5T0-DkIfO6yjk6ZCdkPuG_jsAI5y,"‚òÅÔ∏èInstrumental & Trap (Royalty Free Music) - ""FAREWELL"" by Nomyn üá´üá∑",https://www.youtube.com/watch?v=AjWKe-9KkUo
181,üôÅ Melancholic Music (Royalty Free),https://www.youtube.com/watch?v=AcOcYUuxL2A&list=PLfP6i5T0-DkIfO6yjk6ZCdkPuG_jsAI5y,"üåë Dark Ambient (Royalty Free Music) - ""THE LONG DARK"" by Scott Buckley üá¶üá∫",https://www.youtube.com/watch?v=zwyCdIF9flw
182,üôÅ Melancholic Music (Royalty Free),https://www.youtube.com/watch?v=AcOcYUuxL2A&list=PLfP6i5T0-DkIfO6yjk6ZCdkPuG_jsAI5y,"üë®üèª‚ÄçüöÄ Discovery & Downtempo (Royalty Free Music) - ""VOYAGER"" by Onycs üá´üá∑",https://www.youtube.com/watch?v=Y1kyIpgqWlE
183,üôÅ Melancholic Music (Royalty Free),https://www.youtube.com/watch?v=AcOcYUuxL2A&list=PLfP6i5T0-DkIfO6yjk6ZCdkPuG_jsAI5y,"‚òÅÔ∏è Classical & Contemplative (Royalty Free Music) - ""PHASE SHIFT"" by Scott Buckley üá¶üá∫",https://www.youtube.com/watch?v=hbkeq71v5PA
