search_no,search_term,name_playlist,link_playlist,mood_mapping,playlist_no
1,Eclectic Excursions songs,Eclectic Music Playlist,https://www.youtube.com/watch?v=JGwWNGJdvx8&list=PLofje4HzX7aQCfpkN9jV0LBwKLwLszB-p,Eclectic Excursions: diversity : sameness,1
1,Eclectic Excursions songs,Folk Music Around The World,https://www.youtube.com/watch?v=gMYGqhvRaXE&list=PLx6QZyNaHQCxh4qw6r4hy68tGll9Oys9f,Eclectic Excursions: diversity : sameness,2
1,Eclectic Excursions songs,Latest eclectic mix featuring great music and images,https://www.youtube.com/watch?v=QGndq_5XewA&list=PLHfaEwZRuPkkYyA5_422ceoPtwVU9vW_z,Eclectic Excursions: diversity : sameness,3
1,Eclectic Excursions songs,Eclectic songs,https://www.youtube.com/watch?v=AepyGm9Me6w&list=PL614CAB69EEAA5FDC,Eclectic Excursions: diversity : sameness,4
1,Eclectic Excursions songs,Background Music For Real Estate Videos (No Copyright),https://www.youtube.com/watch?v=gnsn7QW2aKc&list=PLLELmi94d_Vnj7IP122oWE82p7BFh8ypO,Eclectic Excursions: diversity : sameness,5
1,Eclectic Excursions songs,ECLECTIC HIT SONGS,https://www.youtube.com/watch?v=gq0DzSA_qaA&list=PLT53a1wSeVjd6IXK94ZF5LMQkz5T0DGAs,Eclectic Excursions: diversity : sameness,6
1,Eclectic Excursions songs,Favorite Eclectic Songs By Karen,https://www.youtube.com/watch?v=52nfjRzIaj8&list=PLcxn4PSNw8sQySVUjJ3XCMbwhwB6RcGPk,Eclectic Excursions: diversity : sameness,7
1,Eclectic Excursions songs,üî•Burning Man Vibes - Eclectic Electronic Music,https://www.youtube.com/watch?v=qk6QvwvwgNk&list=PLOOWpWlDjFr_0g3IMLdkWYEYjd7hbe_NT,Eclectic Excursions: diversity : sameness,8
1,Eclectic Excursions songs,Eclectic Music Full List,https://www.youtube.com/watch?v=wu1UXCdyNo0&list=PLIEAT9a48rq13sN6JVED6szbrCd0ulzFf,Eclectic Excursions: diversity : sameness,9
1,Eclectic Excursions songs,Awesome eclectic song mix!,https://www.youtube.com/watch?v=NcVqAHw23aE&list=PLC8A3CF913E1B31DA,Eclectic Excursions: diversity : sameness,10
1,Eclectic Excursions songs,Eclectic Music Suggestions,https://www.youtube.com/watch?v=kOkQ4T5WO9E&list=PLd_1QOyDmFgUv3lsJMFIlgTIQlnXlBEoA,Eclectic Excursions: diversity : sameness,11
1,Eclectic Excursions songs,Eclectic Tour,https://www.youtube.com/watch?v=4FUKLg-y1l0&list=PLH7gUxNXN3WyAcLPxVWoIouSbyHGIfTXt,Eclectic Excursions: diversity : sameness,12
1,Eclectic Excursions songs,Eclectic good Music,https://www.youtube.com/watch?v=gSdjztTxYgk&list=PLruSuKmdem2NrKBNBmOWwrtt-l-bXUNHM,Eclectic Excursions: diversity : sameness,13
1,Eclectic Excursions songs,music eclectic,https://www.youtube.com/watch?v=_v7Ljr6pjik&list=PLBBYvrHRVoaL0ODqFH_ArTY_p1Lv4_AHy,Eclectic Excursions: diversity : sameness,14
1,Eclectic Excursions songs,Music eclectic cool,https://www.youtube.com/watch?v=tl6u2NASUzU&list=PLDgVzpu1e5NedbHGwDijERSygak_5zRzH,Eclectic Excursions: diversity : sameness,15
2,Laid-back Lounge songs,Laid back sofa Pop,https://www.youtube.com/watch?v=YQHsXMglC9A&list=PLra2wdNFIeMIF0NtUU18_ShWqJY1bLcs3,Laid-back Lounge: ease : tension,1
2,Laid-back Lounge songs,Laid back songs,https://www.youtube.com/watch?v=OWlKZ6C7cDY&list=PLWTXyb1RLSJq11ylxKC0h6STXBZMFkggu,Laid-back Lounge: ease : tension,2
2,Laid-back Lounge songs,COFFEE MUSIC 2024 ‚òï CAF√â LOUNGE SONGS,https://www.youtube.com/watch?v=uJ_1HMAGb4k&list=PLwHPDVxB8ZaJWr9kuppZKk9vABBSBv4jK,Laid-back Lounge: ease : tension,3
2,Laid-back Lounge songs,Chill Beach - Surf Music,https://www.youtube.com/watch?v=oRdbvGgPPiw&list=PLD790D878D999E573,Laid-back Lounge: ease : tension,4
2,Laid-back Lounge songs,Laid Back Lounge,https://www.youtube.com/watch?v=HftoyqKLor8&list=PLzs1262cMEwM3-U3jAlnL_YKlxrSs-E9a,Laid-back Lounge: ease : tension,5
2,Laid-back Lounge songs,Space Jazz [Laid-Back Psychedelic Jazz-Funk],https://www.youtube.com/watch?v=cIwDLN2X6Rs&list=PLx2JqCFFPrNriJrtUQSGpG7_JOojyot_r,Laid-back Lounge: ease : tension,6
2,Laid-back Lounge songs,Laid-Back Lounge,https://www.youtube.com/watch?v=YRkWZO4iLYk&list=PLeBqDcjMO0jxP82qJL1jspz4g7TuZ1-Re,Laid-back Lounge: ease : tension,7
2,Laid-back Lounge songs,Laidback Lounge,https://www.youtube.com/watch?v=PF-_H54mydE&list=PL3krjYC0H1PpkUnw557uHgghH6JPkV9Nr,Laid-back Lounge: ease : tension,8
2,Laid-back Lounge songs,Laid Back Lounge,https://www.youtube.com/watch?v=-Ef3vKpPakU&list=PLmtVG1jSNML23s39n1wn23lJhBTi3RX3X,Laid-back Lounge: ease : tension,9
2,Laid-back Lounge songs,laid back lounge music,https://www.youtube.com/watch?v=6q-YCaHmS4A&list=PLVEx04iMVlfAU_m1p4mIRU3eWUheagtzp,Laid-back Lounge: ease : tension,10
2,Laid-back Lounge songs,üòéLaid Back Loungeüõå,https://www.youtube.com/watch?v=H8ftyYs0DB8&list=PLES_qsX-pSxiTQfZiN6Sx4EDz7q6swcjJ,Laid-back Lounge: ease : tension,11
2,Laid-back Lounge songs,The Laidback Lounge playlist,https://www.youtube.com/watch?v=ozjmUb2lgrI&list=PLmEH7x3fGx535PMfnUTVm3qM-DE1J-mtw,Laid-back Lounge: ease : tension,12
2,Laid-back Lounge songs,Lounge Soft House Spotify Playlist - Best Chill House Spotify Playlist (Relaxing Music for Lounge 2024-2025),https://www.youtube.com/watch?v=jXInTVW5h4Y&list=PLTtHNiDB8jpTwCtcYvb7BB-wSzTIebvvt,Laid-back Lounge: ease : tension,13
2,Laid-back Lounge songs,Hip Laidback Lounge,https://www.youtube.com/watch?v=lBjO3fkbSoU&list=PLkDGB9wRcIod2IpNfyACCtkCq_RZ7rjEX,Laid-back Lounge: ease : tension,14
2,Laid-back Lounge songs,Laid Back Club Lounge Tunes.,https://www.youtube.com/watch?v=xYtsL9znopI&list=PLL9TCnc1YCZnaFayKnOjEnY8HwKYhxgNQ,Laid-back Lounge: ease : tension,15
3,Sentimental Serenade songs,Romantic Ballads: Best Romantic Songs of All Time (Music Playlist Updated in 2024),https://www.youtube.com/watch?v=lp-EO5I60KA&list=PL64G6j8ePNureM8YCKy5nRFyzYf8I2noy,Sentimental Serenade: sentimentality : apathy,1
3,Sentimental Serenade songs,Top 100 Beautiful Wedding Songs,https://www.youtube.com/watch?v=sIdnp0z0OCA&list=PLyH9jpsnMWobdpU875NHXaZ4t3AWGuM--,Sentimental Serenade: sentimentality : apathy,2
3,Sentimental Serenade songs,"Best Country Love Songs - Over 100 of the All-Time Hottest, Most Romantic Love Songs",https://www.youtube.com/watch?v=rItv9i6c7AY&list=PLLDVfSPfze0vYOLuGg22o3F0ohSmcnOhl,Sentimental Serenade: sentimentality : apathy,3
3,Sentimental Serenade songs,Christian love songs for couples,https://www.youtube.com/watch?v=sIdnp0z0OCA&list=PLOMW7D86Lz9KeU3Bsm6uC_Uxm5oQjlpsk,Sentimental Serenade: sentimentality : apathy,4
3,Sentimental Serenade songs,1950s Love Songs,https://www.youtube.com/watch?v=EpBjgQlT_jA&list=PLNDhBcjuPp0-UCSML4DxFqqc5WN4aGcW1,Sentimental Serenade: sentimentality : apathy,5
3,Sentimental Serenade songs,The Best 80s LOVE SONGS,https://www.youtube.com/watch?v=YOHopl2xPj0&list=PLWmVt_rgUljE8rhnsS8Hn70oAhwldkGi2,Sentimental Serenade: sentimentality : apathy,6
3,Sentimental Serenade songs,100 Most Uplifting Songs Ever,https://www.youtube.com/watch?v=Sv6dMFF_yts&list=PLvPjBbFpr-O1azdoLQpxSt9nX5twB3kky,Sentimental Serenade: sentimentality : apathy,7
3,Sentimental Serenade songs,Beautiful Pop Ballads of All Time - Best Ballad Love Songs Playlist (Updated in 2024),https://www.youtube.com/watch?v=lp-EO5I60KA&list=PL64G6j8ePNupLwEYEHhcc9WffXyHvXEin,Sentimental Serenade: sentimentality : apathy,8
3,Sentimental Serenade songs,Best Diva Songs. Birit Songs. Belt Out Songs. All Birit Queen Songs.,https://www.youtube.com/watch?v=Hat1Hc9SNwE&list=PLiy0XOfUv4hGxBPsPgJpSHTnSdj9hFrSY,Sentimental Serenade: sentimentality : apathy,9
3,Sentimental Serenade songs,70's SOFT ROCK CLASSICS (for late nights & rainy days) cool collection of 70's singers and songwriters and classic love songs; the favorites,https://www.youtube.com/watch?v=hQB5qpxcixc&list=PLeXE5DUbWBqVKwNqJrX9ITPAEW_RC736H,Sentimental Serenade: sentimentality : apathy,10
3,Sentimental Serenade songs,1980s & 1990s Love Songs Playlist - Romantic Music from the 80s and 90s,https://www.youtube.com/watch?v=djV11Xbc914&list=PLGBuKfnErZlCh1_5T4W9IM6mlneu-SQmf,Sentimental Serenade: sentimentality : apathy,11
3,Sentimental Serenade songs,old italian songs,https://www.youtube.com/watch?v=H0Srb7Qv4Qc&list=PLD3250AD7AA7F7F12,Sentimental Serenade: sentimentality : apathy,12
3,Sentimental Serenade songs,Mothers day songs,https://www.youtube.com/watch?v=5Pze_mdbOK8&list=PLBw1emKkj21cy3vU1OhxJcvc5kEQw_pP_,Sentimental Serenade: sentimentality : apathy,13
3,Sentimental Serenade songs,The Best Proposal Love Songs,https://www.youtube.com/watch?v=817P8W8-mGE&list=PLnYgb9WoNkw_LEQ0g8Ps1sKEB1uTE4sGa,Sentimental Serenade: sentimentality : apathy,14
3,Sentimental Serenade songs,Jerry Murad - Sentimental Serenade,https://www.youtube.com/watch?v=_a4_FJOcz94&list=PLA2FBF870F8800006,Sentimental Serenade: sentimentality : apathy,15
4,Acoustic Affection songs,Christian love songs for couples,https://www.youtube.com/watch?v=sIdnp0z0OCA&list=PLOMW7D86Lz9KeU3Bsm6uC_Uxm5oQjlpsk,Acoustic Affection: intimacy : distance,1
4,Acoustic Affection songs,my favorite love songs ever!!!,https://www.youtube.com/watch?v=n4vu5Yg63TA&list=PL9C6A143D33F0DF85,Acoustic Affection: intimacy : distance,2
4,Acoustic Affection songs,Sensual Songs,https://www.youtube.com/watch?v=XYPLm20AoXo&list=PLcDCEKFpbIvwD34zNMTRE0xEusyH1Cijd,Acoustic Affection: intimacy : distance,3
4,Acoustic Affection songs,Singer-songwriter Classics,https://www.youtube.com/watch?v=N8u8tASPtwg&list=PLrIEVuLHF9IviuWwBqh_xVO5rFAHiSEqT,Acoustic Affection: intimacy : distance,4
4,Acoustic Affection songs,Summer Walker Instrumentals | JustAcoustic,https://www.youtube.com/watch?v=ru9b9dsfEhg&list=PLH3KjMTvh__NukvY4dxHAtdQ1Oz5LdtM6,Acoustic Affection: intimacy : distance,5
4,Acoustic Affection songs,Jenn Johnson | A Bethel Music Playlist,https://www.youtube.com/watch?v=iHYpWwTJ0Ug&list=PLUmTiGOxKUOjXsN4UCpco6fwbx2ApeQUI,Acoustic Affection: intimacy : distance,6
4,Acoustic Affection songs,Singer songwriters 60‚Äôs & 70‚Äôs,https://www.youtube.com/watch?v=jmhoOp2fUzg&list=PLtO1WXFCvLMM4XNSHh16Tue0jVuYRzDNS,Acoustic Affection: intimacy : distance,7
4,Acoustic Affection songs,Romantic Music (No Copyright) ‚ù§Ô∏è,https://www.youtube.com/watch?v=JHyhUWcFhWY&list=PLfP6i5T0-DkImSa4jTf2RsWKkbEgS7ugB,Acoustic Affection: intimacy : distance,8
4,Acoustic Affection songs,The Very Best of Indie Christian Music (that actually sounds good),https://www.youtube.com/watch?v=tWQ4thTS2kA&list=PLjPt1Wn3j2bsVb16IyfSlt7S0RB5C-fDH,Acoustic Affection: intimacy : distance,9
4,Acoustic Affection songs,Power Ballads 80's & 90's,https://www.youtube.com/watch?v=3dh79Ggx9Js&list=PLSMUbvaJNSZ-5jF_DzDFCDRsk17vzW1gJ,Acoustic Affection: intimacy : distance,10
4,Acoustic Affection songs,Alternative rock of the 2010s (2010-2019),https://www.youtube.com/watch?v=8UVNT4wvIGY&list=PL6Lt9p1lIRZ3m2X1Ur8ykG1XRGPFsTsbD,Acoustic Affection: intimacy : distance,11
4,Acoustic Affection songs,beats for songwriting,https://www.youtube.com/watch?v=--SBFQ1t5Ow&list=PLwbes_iuDIatagWs00pjdX0HM8yYgjrrj,Acoustic Affection: intimacy : distance,12
4,Acoustic Affection songs,affectionate songs,https://www.youtube.com/watch?v=xHLmA9-08dg&list=PLmWWa21QZxlLsCJ5DrljADRmm8aqopHfj,Acoustic Affection: intimacy : distance,13
4,Acoustic Affection songs,FLAC - HQ Audio - 24-bit 48/96/192 kHz - Audiophile - Remastered - Vinyl,https://www.youtube.com/watch?v=XRQ6xhCLQOI&list=PLfM00ncplOQ8mT4C2HWF8m2NCbjzHRaDG,Acoustic Affection: intimacy : distance,14
4,Acoustic Affection songs,All Acoustic songs to learn,https://www.youtube.com/watch?v=oHgm9DkavUY&list=PLam4mpeONmeAbqna4YV_Lzu0SN602twUt,Acoustic Affection: intimacy : distance,15
5,Alternative Avenue songs,"Boyce Avenue Best Playlist - NO ADS: Only Music - Best of 2022 YouTube Mix, Acoustic Covers",https://www.youtube.com/watch?v=tIA_vrBDC1g&list=PLPKaZQAWre5YbAsmmIbvj03rQ8tv1c0s6,Alternative Avenue: individuality : conformity,1
5,Alternative Avenue songs,Boyce Avenue - Rock songs,https://www.youtube.com/watch?v=s_BU8YCjV1M&list=PLFKHfK5OkuYXLBYTGppK0409PkJn5D1_l,Alternative Avenue: individuality : conformity,2
5,Alternative Avenue songs,Acoustic Covers | Boyce Avenue,https://www.youtube.com/watch?v=OaY57vgh1gc&list=PL0BD69368AB943C89,Alternative Avenue: individuality : conformity,3
5,Alternative Avenue songs,"Coldplay, One Republic, Maroon 5, Passenger, Ed Sheeran, Linkin Park, twenty-one pilots and great alternative rock",https://www.youtube.com/watch?v=hT_nvWreIhg&list=PLLO2uXaJwreqt6zN51B7tZ_E0fLjX7t7d,Alternative Avenue: individuality : conformity,4
5,Alternative Avenue songs,Acoustic Playlist - Acoustic Covers of Popular Songs,https://www.youtube.com/watch?v=4ONfrkskNp4&list=PLwpFrtWg2EJFsZK90YBdU1PNei0Hfo0lb,Alternative Avenue: individuality : conformity,5
5,Alternative Avenue songs,"Acoustic Covers of Old Popular Songs - 70‚Äôs, 80‚Äôs, 90‚Äôs Hits Covers (Playlist Updated Weekly 2024)",https://www.youtube.com/watch?v=FeluT-nU0Qk&list=PLlYKDqBVDxX0kfX7fIyue6KMfWJyrHW63,Alternative Avenue: individuality : conformity,6
5,Alternative Avenue songs,Boyce Avenue lyrics Playlist,https://www.youtube.com/watch?v=HKZ-GjEUc64&list=PLn3gcC1xdYsfItAVOSZ0mMn2h6MVOscJf,Alternative Avenue: individuality : conformity,7
5,Alternative Avenue songs,Smallville ( Alternative Hits music video's ),https://www.youtube.com/watch?v=ErOSIK4icmA&list=PLYuCH8fVbUeMld-wNwEzLXa36_gPMELVi,Alternative Avenue: individuality : conformity,8
5,Alternative Avenue songs,Best Acoustic Covers 2024,https://www.youtube.com/watch?v=W1QoGZeEnwg&list=PLzgNR90nQBQCmJdLinrmlo7_Ac8QLc6-i,Alternative Avenue: individuality : conformity,9
5,Alternative Avenue songs,Best alternative songs ft. Boyce avenue,https://www.youtube.com/watch?v=3VhqPs1fx1c&list=PLKskyqApRjhS6qZsPXsmBahjXEFNbU2He,Alternative Avenue: individuality : conformity,10
5,Alternative Avenue songs,Christian Rock and Alternative Rock - Top Tracks 2023 Playlist,https://www.youtube.com/watch?v=hfu7zGdeaq8&list=PLCd-wh1hNZpQh8EPRaLIlLdNI3zb9vFuj,Alternative Avenue: individuality : conformity,11
5,Alternative Avenue songs,90's Slow Rock/Alternative to chill to.,https://www.youtube.com/watch?v=r80HF68KM8g&list=PLEWCyUbXVuh5Dm3u0pLE_HzVvOAJ6Q1ga,Alternative Avenue: individuality : conformity,12
5,Alternative Avenue songs,Best Acoustic ROCK SONGS,https://www.youtube.com/watch?v=ErvgV4P6Fzc&list=PLmfhzccZcisB817Hm8FUnP4OIcExTSGTF,Alternative Avenue: individuality : conformity,13
5,Alternative Avenue songs,Wish FM 107.5 Playlist - Wish 107.5 Best Song Covers,https://www.youtube.com/watch?v=q4sVWIdHZPU&list=PLplXQ2cg9B_pGKqHU8ixK1aSQMoNJkS3K,Alternative Avenue: individuality : conformity,14
5,Alternative Avenue songs,Songs Millennial Emo Kids Will Always Love and Remember,https://www.youtube.com/watch?v=eHbNU9WuVgw&list=PLcBFZ6lvaO5y7t3THdfag_YFQOy_J6aBY,Alternative Avenue: individuality : conformity,15
6,Coffeehouse Crooners songs,CROONERS AND COCKTAILS ::: The Playlist,https://www.youtube.com/watch?v=zJ82mHBtrc8&list=PLF90ovVJdtwtXpSg3H6MmrQtElzBU6FUw,Coffeehouse Crooners: intimacy : loneliness,1
6,Coffeehouse Crooners songs,Swooners & Crooners,https://www.youtube.com/watch?v=BKQ9--_ZgB4&list=PL8SS2dxMMcRP8vBLKwA3qlk4DzHcEIHXj,Coffeehouse Crooners: intimacy : loneliness,2
6,Coffeehouse Crooners songs,French Cafe Music Vintage,https://www.youtube.com/watch?v=TftJuUXF27Y&list=PLpSvML5p0tbCkw5V4D3PXS7C5OjTsV5Pf,Coffeehouse Crooners: intimacy : loneliness,3
6,Coffeehouse Crooners songs,Acoustic Playlist - Acoustic Covers of Popular Songs,https://www.youtube.com/watch?v=4ONfrkskNp4&list=PLwpFrtWg2EJFsZK90YBdU1PNei0Hfo0lb,Coffeehouse Crooners: intimacy : loneliness,4
6,Coffeehouse Crooners songs,Best of Post Modern Jukebox,https://www.youtube.com/watch?v=GZYGPn9iN1Y&list=PLnc8nQuaopDueNNjmwIs-TiE0KhPqxZzZ,Coffeehouse Crooners: intimacy : loneliness,5
6,Coffeehouse Crooners songs,"Frank Sinatra, Nat King Cole and more era classics",https://www.youtube.com/watch?v=NoKn7vkSMBc&list=PLiJ5XYoDiLLhonjlCr3Dky41z02AWz-4H,Coffeehouse Crooners: intimacy : loneliness,6
6,Coffeehouse Crooners songs,Ratpack playlist,https://www.youtube.com/watch?v=1gab2Vuz2Nk&list=PLhPfyWONsWjizJBITKSm0nBEtkwnbpY7m,Coffeehouse Crooners: intimacy : loneliness,7
6,Coffeehouse Crooners songs,"'Songs of the Classic Crooners' Live@ Cafe Central - 14th March 2018 - Central Library (Sandwell Libraries), West Bromwich",https://www.youtube.com/watch?v=47N457jsIrI&list=PLF570QYwsHMxi_CF9_j1MQ6TpTK0vl-tj,Coffeehouse Crooners: intimacy : loneliness,8
6,Coffeehouse Crooners songs,Old french songs,https://www.youtube.com/watch?v=i2wmKcBm4Ik&list=PLrl15fpG8H1yY7UOoO2kJGo_yJ9UGX-ox,Coffeehouse Crooners: intimacy : loneliness,9
6,Coffeehouse Crooners songs,Female crooners,https://www.youtube.com/watch?v=6FrwC0TsIvE&list=PLMIFZCmEdpvUSfKcjAgyHp3QRHadvLwnY,Coffeehouse Crooners: intimacy : loneliness,10
6,Coffeehouse Crooners songs,Classic Italian songs,https://www.youtube.com/watch?v=jAQQ1Vlk1nE&list=PLAq0E-IlJf25pCV7Aqb9guBIGyXCXsKgK,Coffeehouse Crooners: intimacy : loneliness,11
6,Coffeehouse Crooners songs,Italian cooking music,https://www.youtube.com/watch?v=OnFlx2Lnr9Q&list=PLDf94jp-w2nTMh9tUBbtW9QGrgy5xA2BD,Coffeehouse Crooners: intimacy : loneliness,12
6,Coffeehouse Crooners songs,"Julio Iglesias - Grandes Exitos, Sus Mejores Canciones, Greatest Hits, Best Songs, Me Olvide De Vivir, Hey, Lo Mejor De Tu Vida, De Ni√±a A Mujer",https://www.youtube.com/watch?v=RXto4t_IuG8&list=PLgaFNC_I_Zklv2QlF1d6xajkm5fjEWh9z,Coffeehouse Crooners: intimacy : loneliness,13
6,Coffeehouse Crooners songs,Vintage Christmas Crooners,https://www.youtube.com/watch?v=-Z0CqIUaeRU&list=RDCLAK5uy_lu_DWkCX9Qz5upUBcvrs3nv8dgpbwxc0w&start_radio=1,Coffeehouse Crooners: intimacy : loneliness,14
6,Coffeehouse Crooners songs,Jazz,https://www.youtube.com/watch?v=FwLGsSlTVc8&list=PLJZH8sevmMq4yD3ezQ3jFJfw68ZU1f_NS,Coffeehouse Crooners: intimacy : loneliness,15
7,Groovy Goodness songs,Feel good bollywood songs,https://www.youtube.com/watch?v=Cc_cNEjAh_Y&list=PL8U7gDbfLksNOQ-IbN_jfC9DVQYt4xXTo,Groovy Goodness: rhythm : discord,1
7,Groovy Goodness songs,Groovy Music 2024 - Best Groovy Songs 2024 to Dance to (Sunday Groove Music 2024-2025),https://www.youtube.com/watch?v=gpwYTeRSgc8&list=PLaq_6rg1_jQX62j0bkLsVDCsAKhHNwziu,Groovy Goodness: rhythm : discord,2
7,Groovy Goodness songs,Oldie Goldies/Upbeat/Feel Good Music,https://www.youtube.com/watch?v=3GwjfUFyY6M&list=PLfmjayS6lVoAgBnhEq_XrLodDFKVLEgTv,Groovy Goodness: rhythm : discord,3
7,Groovy Goodness songs,"Happy 80s Songs, 80s Playlist, Best 80s songs, Top 80s songs, songs that make you happy, smile, dance, sing-along.",https://www.youtube.com/watch?v=djV11Xbc914&list=PLAQ7nLSEnhWRxZ_BN6B85RF9rh4uFwsp8,Groovy Goodness: rhythm : discord,4
7,Groovy Goodness songs,Songs That Will INSTANTLY Put You In A Good Mood,https://www.youtube.com/watch?v=pIgZ7gMze7A&list=PLJNlve0_Ebae2aPbjfolLT-6LvZkP8UZA,Groovy Goodness: rhythm : discord,5
7,Groovy Goodness songs,Happy Good Mood Songs - Music to Boost Your Mood,https://www.youtube.com/watch?v=OPf0YbXqDm0&list=PLinS5uF49IBqKTEfstCG510Ak5PdnN6wn,Groovy Goodness: rhythm : discord,6
7,Groovy Goodness songs,Catchy Tunes for Work - Clean (Vevo),https://www.youtube.com/watch?v=hT_nvWreIhg&list=PL28dU8Qmugj3K7QJmHarV9nt9vBWh9bY-,Groovy Goodness: rhythm : discord,7
7,Groovy Goodness songs,2017 clean upbeat classroom songs,https://www.youtube.com/watch?v=jv-pYB0Qw9A&list=PLPCno3ZdXQdYn_5y8ZzfP_dYXBlcDWp6t,Groovy Goodness: rhythm : discord,8
7,Groovy Goodness songs,Playlist... The Most Beautiful & Famous French Songs!,https://www.youtube.com/watch?v=K5KAc5CoCuk&list=PLm1WqxbDXbNCHPH-IXRW0HUacK-xzBr6L,Groovy Goodness: rhythm : discord,9
7,Groovy Goodness songs,Happy Uplifting Rock Songs - Feel-Good Rock Music Playlist (Updated 2024),https://www.youtube.com/watch?v=4N1iwQxiHrs&list=PLJtpjlkBVF4z2o6DTE2mGa58ktnDUUE-F,Groovy Goodness: rhythm : discord,10
7,Groovy Goodness songs,90s Funky Songs,https://www.youtube.com/watch?v=TB54dZkzZOY&list=PLP30fsngAH8HW9j2knyDclEoWRvGiOIMw,Groovy Goodness: rhythm : discord,11
7,Groovy Goodness songs,Best Pop Music for Office ‚Äì Good Songs for Work: Pop Hits Collection (Playlist Updated in 2024),https://www.youtube.com/watch?v=MlThQTo6D8A&list=PLKUA473MWUv2jmkqIxzQR3YL4kuPArj4G,Groovy Goodness: rhythm : discord,12
7,Groovy Goodness songs,groovy good songs,https://www.youtube.com/watch?v=oRArmtMA9AI&list=PLKiGtU7d6l5f6fy3kV2AbhJSHJp3aeg94,Groovy Goodness: rhythm : discord,13
7,Groovy Goodness songs,Groovy Goodness,https://www.youtube.com/watch?v=u_T6GE_EOks&list=PLq5oSyFc2LURJp-qf6Atc9jjP5eV0oPjD,Groovy Goodness: rhythm : discord,14
7,Groovy Goodness songs,Groovy Goodness,https://www.youtube.com/watch?v=RKox6__hziY&list=PLxeOHVVr4ixbcU9rzODcnrm_oGeqPbPPz,Groovy Goodness: rhythm : discord,15
8,Vibrant Voices songs,Energetic songs,https://www.youtube.com/watch?v=1xYZeDReUz4&list=PLy2B5nO_wrWhrdnSDFg9pEIIMbp6izokS,Vibrant Voices: expression : repression,1
8,Vibrant Voices songs,Rocking hindi songs,https://www.youtube.com/watch?v=zpsVpnvFfZQ&list=PLxxaKqQpo-9X5KwQ3R4VQKEBg_I1J8I_Z,Vibrant Voices: expression : repression,2
8,Vibrant Voices songs,Most Iconic Songs of All Time,https://www.youtube.com/watch?v=fJ9rUzIMcZQ&list=PLB5Ac5TbLc2OHUC5uaAuFdbxMXQK3ZaAF,Vibrant Voices: expression : repression,3
8,Vibrant Voices songs,Best cover songs tamil,https://www.youtube.com/watch?v=EcieNH-9QFU&list=PLzhvpXf7rFJ-z12xRhflZ41BI8jXDlIvs,Vibrant Voices: expression : repression,4
8,Vibrant Voices songs,Christian Music Playlist 2024 ‚ô´ Top Christian Songs 2024,https://www.youtube.com/watch?v=f2oxGYpuLkw&list=PLKUA473MWUv3VnK3E7ElYEqVN7eb7h92_,Vibrant Voices: expression : repression,5
8,Vibrant Voices songs,Happy Music (No Copyright) üòÉ,https://www.youtube.com/watch?v=RogITE1plk0&list=PLfP6i5T0-DkLni7zxyc-hWD72xhTlbk34,Vibrant Voices: expression : repression,6
8,Vibrant Voices songs,indian traditional no copyright audio,https://www.youtube.com/watch?v=Yj7gkX_qKXc&list=PLEoszlLcPpOJw3Ph2qMfFOpS--vxjW5Tf,Vibrant Voices: expression : repression,7
8,Vibrant Voices songs,Storytelling music,https://www.youtube.com/watch?v=1tXOLqnjSg8&list=PLcy7UzdF6Z4Hz6nY8Vw_QSmWweEdcIXCB,Vibrant Voices: expression : repression,8
8,Vibrant Voices songs,African Background Tunes (NO COPYRIGHT MUSIC),https://www.youtube.com/watch?v=NpTyPVbs-64&list=PLVsi0h9m4BMgSMkW-J5rJGwMRzoyLVOO7,Vibrant Voices: expression : repression,9
8,Vibrant Voices songs,‚ö° Energetic Music (No Copyright),https://www.youtube.com/watch?v=30uogOjBFLk&list=PLRPR8uJQx5tE8lpRYJeZ29wFYPAxptsdd,Vibrant Voices: expression : repression,10
8,Vibrant Voices songs,Vibrant Voices,https://www.youtube.com/watch?v=e1dvUVTwnJk&list=PLiy55ODUyNmsambuUZaPFqWDmRMUxbeSV,Vibrant Voices: expression : repression,11
8,Vibrant Voices songs,Education Background Music No Copyright,https://www.youtube.com/watch?v=pSZKl8dvdcc&list=PLsusUte3YvjAjMQwWBR30sPicwRf9giBJ,Vibrant Voices: expression : repression,12
8,Vibrant Voices songs,NCS Instrumentals,https://www.youtube.com/watch?v=p7ZsBPK656s&list=PLqDtm0iWoNBP7xjEss5ohmFHvJ0A7Oe16,Vibrant Voices: expression : repression,13
8,Vibrant Voices songs,Happy Background Music,https://www.youtube.com/watch?v=W1xwTqgzQ_g&list=PLIILL6veL7802G94eulr2fzj0wz7CwKqh,Vibrant Voices: expression : repression,14
8,Vibrant Voices songs,Top Fijian Songs 2024 ‚ô´ Best Fiji Music Video 2024,https://www.youtube.com/watch?v=MgXQpvanNuQ&list=PL11bOJGTrscOQo8fEc2XXdYxFrrGQajgY,Vibrant Voices: expression : repression,15
9,Sentimental Sojourn songs,Sentimental Sojourn: HeartsAligned Harmony üíïüéµ,https://www.youtube.com/watch?v=TUAed9bl2MY&list=PLWKA8qeCLVSrZTGAV1yqSabPHT4oIky8L,Sentimental Sojourn: sentimentality : indifference,1
9,Sentimental Sojourn songs,sojourn,https://www.youtube.com/watch?v=vCsi-lxW4yM&list=PLafIhUgDv222MOBoXRT6G_arft6uYy5ER,Sentimental Sojourn: sentimentality : indifference,2
9,Sentimental Sojourn songs,Songs to learn,https://www.youtube.com/watch?v=BBJbwZxPA2k&list=PLAGQZGsbLExDOA87O2tcljXgbVlEOlyvj,Sentimental Sojourn: sentimentality : indifference,3
9,Sentimental Sojourn songs,Emotional piano music,https://www.youtube.com/watch?v=Qvfa0HU7Qoo&list=PL_DX60O1wEqoO-dxjqDje7nvqdDbfsX6O,Sentimental Sojourn: sentimentality : indifference,4
9,Sentimental Sojourn songs,Emotional Heartfelt Beats,https://www.youtube.com/watch?v=y7ybxdzSblU&list=PLak_kqoKHqatRZ4v92pxIYyZpSmUsWho5,Sentimental Sojourn: sentimentality : indifference,5
9,Sentimental Sojourn songs,Beautiful EDM Music Mix (Emotional and Melodic),https://www.youtube.com/watch?v=WaAzTUCwFXA&list=PLAwGB65iI-JLQ_mFeom5Da-WCNsLFvpM9,Sentimental Sojourn: sentimentality : indifference,6
9,Sentimental Sojourn songs,Enceladus Sojourn,https://www.youtube.com/watch?v=0gav5U94-nM&list=PLlrAJc0qG_gFntPkVpEyShsboBa7eV7OS,Sentimental Sojourn: sentimentality : indifference,7
9,Sentimental Sojourn songs,Emotional EDM,https://www.youtube.com/watch?v=nVkJKLNzpBs&list=PLpY79m-knvSl3zvylUuzf5aItbDa9_A3-,Sentimental Sojourn: sentimentality : indifference,8
9,Sentimental Sojourn songs,Emotional,https://www.youtube.com/watch?v=cSPfeTwl8Kw&list=PLFS_l0E9FY68peuWVUjAaUUyGNS1xQwry,Sentimental Sojourn: sentimentality : indifference,9
9,Sentimental Sojourn songs,"""JOURNEY OF THE SOUL"" The voyage on Planet Earth by Marco Missinato",https://www.youtube.com/watch?v=-oV0gBmMkNY&list=PLaCy3aw5hdP1Ei3AkDXWrdq3lcfGHL5Yh,Sentimental Sojourn: sentimentality : indifference,10
9,Sentimental Sojourn songs,Melodic Bass Music,https://www.youtube.com/watch?v=BdK2CwiACDg&list=PLd1iBi9HxDsHCwIJj8fEKni3vFy_PViKZ,Sentimental Sojourn: sentimentality : indifference,11
9,Sentimental Sojourn songs,Jazzzzzzy Music,https://www.youtube.com/watch?v=9RHX2VNEKrQ&list=PLcOiHpTdvQE_hR7JPJmRb4N53_o2n92-a,Sentimental Sojourn: sentimentality : indifference,12
9,Sentimental Sojourn songs,Favorite peaceful songs/tunes,https://www.youtube.com/watch?v=0hPVoZT9-ZU&list=PL0oVShN3xqfiePxBKYWJHamtfSRoHgv-V,Sentimental Sojourn: sentimentality : indifference,13
9,Sentimental Sojourn songs,Best of the best piano music,https://www.youtube.com/watch?v=AijLtevhAwM&list=PL44T5qd1GliyFZtjWZgG1SOfEYToGdhsZ,Sentimental Sojourn: sentimentality : indifference,14
9,Sentimental Sojourn songs,Good old songs,https://www.youtube.com/watch?v=n0svuurLibQ&list=PL_WxnepKw1BW8h86ypnleHpOuhAuzXCAc,Sentimental Sojourn: sentimentality : indifference,15
10,Ballad Bouquet songs,Top 100 Beautiful Wedding Songs,https://www.youtube.com/watch?v=sIdnp0z0OCA&list=PLyH9jpsnMWobdpU875NHXaZ4t3AWGuM--,Ballad Bouquet: emotion : numbness,1
10,Ballad Bouquet songs,1950s Love Songs,https://www.youtube.com/watch?v=EpBjgQlT_jA&list=PLNDhBcjuPp0-UCSML4DxFqqc5WN4aGcW1,Ballad Bouquet: emotion : numbness,2
10,Ballad Bouquet songs,IU ballad songs,https://www.youtube.com/watch?v=NnRjwEhFU70&list=PLLLwArL4ETGkWya5dg5DJV9zh-9fba1-z,Ballad Bouquet: emotion : numbness,3
10,Ballad Bouquet songs,EDDIE ZONDI ROMANTIC BALLADS,https://www.youtube.com/watch?v=83OwOzUKKvU&list=PLRoGkNl-I3_wCMOnFx7Hrw_1ucHBMmUfN,Ballad Bouquet: emotion : numbness,4
10,Ballad Bouquet songs,Disney Love Songs,https://www.youtube.com/watch?v=ILRs2r6lcHY&list=PLiNVoBckLqLmJDW4-jX9G91kLyiHuoEIL,Ballad Bouquet: emotion : numbness,5
10,Ballad Bouquet songs,Best New Pop Ballad Songs 2024 ‚ô´ Slow Pop Ballad Music,https://www.youtube.com/watch?v=SwDlodsNcIo&list=PLKUA473MWUv2D0ghT0HGk3TY82MSIQvyl,Ballad Bouquet: emotion : numbness,6
10,Ballad Bouquet songs,Greatest Piano Ballads of All Time,https://www.youtube.com/watch?v=YQHsXMglC9A&list=PLeyv2kwvvQ78m2xvoeXn9PB4jv2KXHHal,Ballad Bouquet: emotion : numbness,7
10,Ballad Bouquet songs,Best Acoustic Covers 2024,https://www.youtube.com/watch?v=W1QoGZeEnwg&list=PLzgNR90nQBQCmJdLinrmlo7_Ac8QLc6-i,Ballad Bouquet: emotion : numbness,8
10,Ballad Bouquet songs,Ed Sheeran Ballads,https://www.youtube.com/watch?v=bIB8EWqCPrQ&list=PLjjLu5qaKMp3rE8Y5OhbrNoNIexprZL4d,Ballad Bouquet: emotion : numbness,9
10,Ballad Bouquet songs,Best Sad Songs that Make You Cry - Romance Music Playlist,https://www.youtube.com/watch?v=J_ub7Etch2U&list=PLBO3y7nHyBTdntbqKGSrj4MHVY6kBgErl,Ballad Bouquet: emotion : numbness,10
10,Ballad Bouquet songs,Most Requested Ceremony Processional Bridal Entrance Songs | 2023,https://www.youtube.com/watch?v=QgaTQ5-XfMM&list=PLjWbcvsmNv07czv1lNufh3Sb2OroNIi_l,Ballad Bouquet: emotion : numbness,11
10,Ballad Bouquet songs,Greats Ballads of the Rolling stones,https://www.youtube.com/watch?v=RcZn2-bGXqQ&list=PLcNObqBo-85Jna8J84I6OSgfhaaX3AQXa,Ballad Bouquet: emotion : numbness,12
10,Ballad Bouquet songs,Best Ballad and bubbly song,https://www.youtube.com/watch?v=E5LwQdlyJMk&list=PLF-UGz6WYS1e30k52afff2sAG-ZNvKNXV,Ballad Bouquet: emotion : numbness,13
10,Ballad Bouquet songs,LOVE SONGS BALLADS,https://www.youtube.com/watch?v=m-_Ej08qNu4&list=PLNJ58dmYH9W3YeaKfOcYPN5nQAIEGArkx,Ballad Bouquet: emotion : numbness,14
10,Ballad Bouquet songs,"Acoustic Piano Ballads - Beautiful Songs With Piano, Strings And Vocals",https://www.youtube.com/watch?v=XqoanTj5pNY&list=PLeyv2kwvvQ79WzyPn2plDCluHfhOlNIVB,Ballad Bouquet: emotion : numbness,15
11,Enchanted Emotions songs,Enchanted Music Collection,https://www.youtube.com/watch?v=uiyNHYGXmj8&list=PLE9eVbX-64HwAdmzNfER7qK4YBDoSj7Wr,Enchanted Emotions: wonder : skepticism,1
11,Enchanted Emotions songs,"Specific DND music: Sad, emotional, enchanting, ascending",https://www.youtube.com/watch?v=-538BdoqYOo&list=PLQxoMR4whz1JjhzxO5uD0wIUwytWVQUTB,Enchanted Emotions: wonder : skepticism,2
11,Enchanted Emotions songs,ü™ê Copyright Free Emotional Music,https://www.youtube.com/watch?v=XQaNaFtI11Q&list=PLfP6i5T0-DkKt8eo7u222EnUO4N7Q3raT,Enchanted Emotions: wonder : skepticism,3
11,Enchanted Emotions songs,The Most Enchanting Songs!,https://www.youtube.com/watch?v=FJBkNiAPknY&list=PL81EA399F910C96B4,Enchanted Emotions: wonder : skepticism,4
11,Enchanted Emotions songs,Enchanting Music,https://www.youtube.com/watch?v=3rOtFevwHJw&list=PLgbssePDiskaB44mSG4zSoW-kogxWA5zd,Enchanted Emotions: wonder : skepticism,5
11,Enchanted Emotions songs,Fantasy/enchantment/rooted Peter Gundry music,https://www.youtube.com/watch?v=vCsi-lxW4yM&list=PLhlfGPFtDCWUBzzNTCT79KufmyDSVrFqE,Enchanted Emotions: wonder : skepticism,6
11,Enchanted Emotions songs,"Enchanted Forest Ambience, Enchanted Fairy Forest, Enchanted Forest Music",https://www.youtube.com/watch?v=07IzcS3ZR3w&list=PLPe2IJjmL3kLHwkcyDHh5Vy6DjbYWN_WY,Enchanted Emotions: wonder : skepticism,7
11,Enchanted Emotions songs,Enchanting Music,https://www.youtube.com/watch?v=yXQlKrvXWuA&list=PLdFF7E3NpVHbm9vETYi4e5X6MCsk4FaLb,Enchanted Emotions: wonder : skepticism,8
11,Enchanted Emotions songs,enchanted musicüíì,https://www.youtube.com/watch?v=QpQlhhlGqOc&list=PLWrDLPtop66nRhp1q2o9c7Ldvwu10UBGw,Enchanted Emotions: wonder : skepticism,9
11,Enchanted Emotions songs,*Enchanting Music*,https://www.youtube.com/watch?v=HSOtku1j600&list=PLq3wyvNzfqjqJwF_E6ez9ZaF75PR8LAJH,Enchanted Emotions: wonder : skepticism,10
11,Enchanted Emotions songs,Enchanting Feelings,https://www.youtube.com/watch?v=CK1Px_JHGww&list=PLICR1C_vJ4KNVfzqZOnBgks0pbykImiU3,Enchanted Emotions: wonder : skepticism,11
11,Enchanted Emotions songs,Enchanted music,https://www.youtube.com/watch?v=vmrLfxfRDKs&list=PLoWyUj6t_4MIwa5ExbB-YMpnbnTQ_zFNW,Enchanted Emotions: wonder : skepticism,12
11,Enchanted Emotions songs,Enchanted music,https://www.youtube.com/watch?v=9UglUjiJifA&list=PL5R9Co9m1POFiuawGVzBVclMKp_ZwcZ5z,Enchanted Emotions: wonder : skepticism,13
11,Enchanted Emotions songs,Enchanted songs,https://www.youtube.com/watch?v=9_sR4epKtNA&list=PL0LBZs9PZLvlP1GD41E1RKGQ6CfdpOnfL,Enchanted Emotions: wonder : skepticism,14
11,Enchanted Emotions songs,Enchanting music,https://www.youtube.com/watch?v=l7evSR9SMhc&list=PLudmivqslvcZ1_68kvCpUoj_MF6NWYe0f,Enchanted Emotions: wonder : skepticism,15
12,Lively Landscapes songs,Best Travel Songs - Spotify Playlist 2024,https://www.youtube.com/watch?v=3-sfGRswzq0&list=PLgzTt0k8mXzGjD1gQXkqC3bE0GzYwBnSD,Lively Landscapes: energy : lethargy,1
12,Lively Landscapes songs,Cinematic Background Music,https://www.youtube.com/watch?v=AivyFZXT2ek&list=PLIILL6veL783kKkdiIybbxARNY9bAVQYe,Lively Landscapes: energy : lethargy,2
12,Lively Landscapes songs,"Happy 80s Songs, 80s Playlist, Best 80s songs, Top 80s songs, songs that make you happy, smile, dance, sing-along.",https://www.youtube.com/watch?v=djV11Xbc914&list=PLAQ7nLSEnhWRxZ_BN6B85RF9rh4uFwsp8,Lively Landscapes: energy : lethargy,3
12,Lively Landscapes songs,Uplifting background music,https://www.youtube.com/watch?v=buTr-t1vHVQ&list=PL9m_Cy3Lb8GpEUx4aIbAyrz5-yDJDxr2j,Lively Landscapes: energy : lethargy,4
12,Lively Landscapes songs,Documentary No Copyright Music,https://www.youtube.com/watch?v=4JQASDpciNM&list=PL7pkSK1xbGD6Jua6GhFN72kClZfobdnCV,Lively Landscapes: energy : lethargy,5
12,Lively Landscapes songs,Real Estate No Copyright Music,https://www.youtube.com/watch?v=9z17MdPtBo8&list=PL7pkSK1xbGD5ANhnJZxZi14_KOKxzhxsz,Lively Landscapes: energy : lethargy,6
12,Lively Landscapes songs,copyright free nature video free download | copyright free nature video download | copyright free music,https://www.youtube.com/watch?v=bjxTIcuzB6k&list=PLe6YKWr4VVM1x2LIpiqmVvG4QgIvoDEdO,Lively Landscapes: energy : lethargy,7
12,Lively Landscapes songs,Indie India Spotify Playlist - Best Indie Artists India (Hindi Indie Music Playlist 2024-2025),https://www.youtube.com/watch?v=gJLVTKhTnog&list=PL1gfuz7ZYcaM2Z7sCGOWORCF0CGmonzOv,Lively Landscapes: energy : lethargy,8
12,Lively Landscapes songs,ü§† Copyright Free Adventure Music,https://www.youtube.com/watch?v=AHsnHv-wkus&list=PLfP6i5T0-DkLTWwznhWjQ1sm_GasKuMPY,Lively Landscapes: energy : lethargy,9
12,Lively Landscapes songs,The All-Time Best Hawaiian Music,https://www.youtube.com/watch?v=w_DKWlrA24k&list=PLlGte2at-EC63kC2lnp3LuTTLl5Ph2pxm,Lively Landscapes: energy : lethargy,10
12,Lively Landscapes songs,The Best Background Songs for GoPro Videos 2020,https://www.youtube.com/watch?v=cH4E_t3m3xM&list=PLEk4uBQ56bVYCMk3luOfuAMn3M4iYy4L8,Lively Landscapes: energy : lethargy,11
12,Lively Landscapes songs,African Background Tunes (NO COPYRIGHT MUSIC),https://www.youtube.com/watch?v=NpTyPVbs-64&list=PLVsi0h9m4BMgSMkW-J5rJGwMRzoyLVOO7,Lively Landscapes: energy : lethargy,12
12,Lively Landscapes songs,Lively Landscape,https://www.youtube.com/watch?v=hsgMGbu12Xc&list=PL2GU3u3kmN-BQyCTr07Ju6HM6QZewXcfB,Lively Landscapes: energy : lethargy,13
12,Lively Landscapes songs,TRIBAL royalty free background music,https://www.youtube.com/watch?v=YWRzEhr0szQ&list=PLzB5KCLEMsTEs-1djVvf564tAnIPv7Qkm,Lively Landscapes: energy : lethargy,14
12,Lively Landscapes songs,Top Music Videos and Songs from the 1950s and 1960s,https://www.youtube.com/watch?v=MggQSspSGU8&list=PLW4gZU2BEoN2-ngny0_NHUU_lOaM3X6tb,Lively Landscapes: energy : lethargy,15
13,Psychedelic Symphony songs,Classical Music for Psychedelic States,https://www.youtube.com/watch?v=o_xAkeO9WOo&list=PLgodtan1SIuiHQZc-Unud9ymBhA_73nno,Psychedelic Symphony: exploration : conventionality,1
13,Psychedelic Symphony songs,chill psychedelic music,https://www.youtube.com/watch?v=KxSd-l-urj8&list=PLbpi1rNmLvkn5EqX7tVAmccPGZVguNTz_,Psychedelic Symphony: exploration : conventionality,2
13,Psychedelic Symphony songs,Music for Psychedelic Therapy,https://www.youtube.com/watch?v=YhRybYyrNaI&list=PLWt_gYfbC9Vbbt8AsJtlgsjV0H9Vmhrbk,Psychedelic Symphony: exploration : conventionality,3
13,Psychedelic Symphony songs,Space Jazz [Laid-Back Psychedelic Jazz-Funk],https://www.youtube.com/watch?v=cIwDLN2X6Rs&list=PLx2JqCFFPrNriJrtUQSGpG7_JOojyot_r,Psychedelic Symphony: exploration : conventionality,4
13,Psychedelic Symphony songs,Psychedelic World Music,https://www.youtube.com/watch?v=pq1XdJtP-qo&list=PLXz1IJq50MvWZg5nfrDuz0clFCrL_oLNf,Psychedelic Symphony: exploration : conventionality,5
13,Psychedelic Symphony songs,Modern Psychedelia,https://www.youtube.com/watch?v=BqnG_Ei35JE&list=PLYsb73Lon7s7KmVsuiQlE9EcSXsK86Oaj,Psychedelic Symphony: exploration : conventionality,6
13,Psychedelic Symphony songs,A Psychedelic Symphony,https://www.youtube.com/watch?v=F4xTLkoYae0&list=PLrTkISd4jshNBpui-fzaJQH1VCvKBNmoV,Psychedelic Symphony: exploration : conventionality,7
13,Psychedelic Symphony songs,"Japanese Ambient, Minimalism, Kanky≈ç Ongaku",https://www.youtube.com/watch?v=Bululwnj4ik&list=PLVFc6ovvwtnJtHzenEcoAV-LpVyKYgRnZ,Psychedelic Symphony: exploration : conventionality,8
13,Psychedelic Symphony songs,Psilocybin Journeys (John Hopkins Study/ Bill Richards protocol complete playlist),https://www.youtube.com/watch?v=OgmlGMRUaxI&list=PLTJxCiiQKJlucPdnbKt1mhhFu_I5WBlai,Psychedelic Symphony: exploration : conventionality,9
13,Psychedelic Symphony songs,Rough Guide to Psychedelic World Music,https://www.youtube.com/watch?v=-EXv9566QUc&list=PLoIByRqU2vWr9gU5jaqet8LURIspkDR7R,Psychedelic Symphony: exploration : conventionality,10
13,Psychedelic Symphony songs,Unknown 70's prog rock albums,https://www.youtube.com/watch?v=KI8b6GQ5C80&list=PLD953kKPGHodnTCCYfL99AF5clmDhvlKr,Psychedelic Symphony: exploration : conventionality,11
13,Psychedelic Symphony songs,Psychedelic Orchestra,https://www.youtube.com/watch?v=SKvPSOeAiV0&list=PLLh_d2qLzqhDL5RLDxMrMRX9Vuud3criS,Psychedelic Symphony: exploration : conventionality,12
13,Psychedelic Symphony songs,Psychedelic Progressive Instrumental Music,https://www.youtube.com/watch?v=-zLNS5v-pgs&list=PLFTVqke69Ee-vFWRa8D2TRg582pYosfPG,Psychedelic Symphony: exploration : conventionality,13
13,Psychedelic Symphony songs,Psychedelic Rock Modern,https://www.youtube.com/watch?v=dzy5ljvR08Q&list=PLtazNXjCT3dkRFTjoQGf6iMbyqPQoo941,Psychedelic Symphony: exploration : conventionality,14
13,Psychedelic Symphony songs,"BEST Neo-Psychedelic Tracks (2022) ~ Neopsychedelic, Psychedelic & Psych Folk Playlist",https://www.youtube.com/watch?v=fK4s6yudJNg&list=PLk-hv2A7usN3ONTCOr9MBNHUZnIxf-nPP,Psychedelic Symphony: exploration : conventionality,15
14,Tender Tunes songs,Tender best song/album,https://www.youtube.com/watch?v=iPdJM_7CgU8&list=PLRupB4rO7YtA5rX8AnKcsioR2ZPH5O2vR,Tender Tunes: gentleness : harshness,1
14,Tender Tunes songs,üêæ Tender Music (Royalty Free),https://www.youtube.com/watch?v=zWLiJmPLqZI&list=PLfP6i5T0-DkKi_ff8QOdO-M3-PmERbImR,Tender Tunes: gentleness : harshness,2
14,Tender Tunes songs,Tender,https://www.youtube.com/watch?v=rTIO-enLIYQ&list=PLaZOaPoed_BGwf730kEmPSPIzJ2kQ9A4-,Tender Tunes: gentleness : harshness,3
14,Tender Tunes songs,Sensual and Tender Love Songs,https://www.youtube.com/watch?v=9u7hGkL57N8&list=PLP8ezDaSv_CdBl3_Eg2GdEjr_FicIk_hs,Tender Tunes: gentleness : harshness,4
14,Tender Tunes songs,The Tender Bar Sountrack Playlist,https://www.youtube.com/watch?v=ckM51xoTC2U&list=PLpZi_8dRlSJHe-EgkCVT8AX5k9a4YQwrV,Tender Tunes: gentleness : harshness,5
14,Tender Tunes songs,[No Copyright Music] Happy and Tender Music [Royalty Free],https://www.youtube.com/watch?v=CKiN21FSDyA&list=PLcoI9J21oTlBwL_FsECImRZVNvjc_9JSs,Tender Tunes: gentleness : harshness,6
14,Tender Tunes songs,tender music,https://www.youtube.com/watch?v=O18A4RugiMs&list=PL3BBF522D5C905913,Tender Tunes: gentleness : harshness,7
14,Tender Tunes songs,Tender Music,https://www.youtube.com/watch?v=ZkQQU_U48WU&list=PLdfDUs3VrC5DnPGiXiLjYS0njMYrLp2e0,Tender Tunes: gentleness : harshness,8
14,Tender Tunes songs,Tender Music,https://www.youtube.com/watch?v=duAO4QinW4w&list=PL3FB533D9C42BB915,Tender Tunes: gentleness : harshness,9
14,Tender Tunes songs,broadcast - tender buttons album,https://www.youtube.com/watch?v=z79T8CUpksE&list=PL06batw0ZTtyLRSBwjCIaFLMRggt5Q5JG,Tender Tunes: gentleness : harshness,10
14,Tender Tunes songs,Soft Songs & Tender Tunes,https://www.youtube.com/watch?v=h_m-BjrxmgI&list=PLepiOpuGfZKLL_fXplv1TZ9QaiLzQJjkB,Tender Tunes: gentleness : harshness,11
14,Tender Tunes songs,Romantic Music (No Copyright) ‚ù§Ô∏è,https://www.youtube.com/watch?v=JHyhUWcFhWY&list=PLfP6i5T0-DkImSa4jTf2RsWKkbEgS7ugB,Tender Tunes: gentleness : harshness,12
14,Tender Tunes songs,"Relaxing Jazz Music & Spring Morning Coffee Shop Ambience | Jazz Background Music to Work, Study",https://www.youtube.com/watch?v=BWyD_yzKqfM&list=PL3PLgopxi3uehuK4w5K6mj49oCzxVE-_r,Tender Tunes: gentleness : harshness,13
14,Tender Tunes songs,Incredibly beautiful tender music,https://www.youtube.com/watch?v=aYD-8N6PmpU&list=PLR9ek0CfrNWK6eObACTRn-r1jrKxZWSvC,Tender Tunes: gentleness : harshness,14
14,Tender Tunes songs,tender music,https://www.youtube.com/watch?v=PZzeYb5XMDQ&list=PLGZ6Dp_8iXQa52hpTNXAyOtbVQ2DrESvX,Tender Tunes: gentleness : harshness,15
15,Upbeat Utopia songs,Travis Scott - UTOPIA (clean album),https://www.youtube.com/watch?v=RJqMW0vm3W0&list=PL0K1LQ7wE6frdg7zE63F3I44rTba0ORCS,Upbeat Utopia: positivity : negativity,1
15,Upbeat Utopia songs,2017 clean upbeat classroom songs,https://www.youtube.com/watch?v=jv-pYB0Qw9A&list=PLPCno3ZdXQdYn_5y8ZzfP_dYXBlcDWp6t,Upbeat Utopia: positivity : negativity,2
15,Upbeat Utopia songs,80s Happy Hits,https://www.youtube.com/watch?v=6xzN8Nt0Pok&list=PLm8013_gmOkhPPLyfnk1P7_o3top0a1Z5,Upbeat Utopia: positivity : negativity,3
15,Upbeat Utopia songs,Shoegaze/Dream Pop/Bedroom Pop/Indie/Alternative,https://www.youtube.com/watch?v=6ey4yAgLZlw&list=PLokZVyVj5Ncr5jy0emi-v-MCRDK-2KSRw,Upbeat Utopia: positivity : negativity,4
15,Upbeat Utopia songs,24 Hours of Happy,https://www.youtube.com/watch?v=i0A3-wc0rpw&list=PLKPi39tTpkdpjBVQZo5oFLWjFjlOMkd2A,Upbeat Utopia: positivity : negativity,5
15,Upbeat Utopia songs,MUSIC Utopia,https://www.youtube.com/watch?v=5_Csz3fyDAo&list=PLO4CNNavUdNHwt1lZKzKLa7Jjgh11Ce3e,Upbeat Utopia: positivity : negativity,6
15,Upbeat Utopia songs,‚úä Hype Music (No Copyright),https://www.youtube.com/watch?v=H7x9hk7_TD0&list=PLRPR8uJQx5tFy-yJqmwgNDpVXToyhCl6N,Upbeat Utopia: positivity : negativity,7
15,Upbeat Utopia songs,Utopia,https://www.youtube.com/watch?v=YSmrrk7K71Y&list=PLBvr3qrhJ05z_ooa4Dq9lSjpJoWeGr3Xd,Upbeat Utopia: positivity : negativity,8
15,Upbeat Utopia songs,‚ö° Energetic Music (No Copyright),https://www.youtube.com/watch?v=30uogOjBFLk&list=PLRPR8uJQx5tE8lpRYJeZ29wFYPAxptsdd,Upbeat Utopia: positivity : negativity,9
15,Upbeat Utopia songs,Tahitian Music,https://www.youtube.com/watch?v=cKrAdZp93gY&list=PLMM2LCQJhaaVgATPhSY00B_rpCexnHN9u,Upbeat Utopia: positivity : negativity,10
15,Upbeat Utopia songs,utopia 3.0,https://www.youtube.com/watch?v=QcTXgkwmPSU&list=PLf6zuQh9f_8XXGJ3aby31Br4M9JFqnSGe,Upbeat Utopia: positivity : negativity,11
15,Upbeat Utopia songs,Similar to Utopia Soundtrack - Cristobal Tapia De Veer,https://www.youtube.com/watch?v=hCrk71dbQpU&list=PL3os3SYEcNJ1v8gvfNV_o-YCwKvYbskyc,Upbeat Utopia: positivity : negativity,12
15,Upbeat Utopia songs,üéµ ùêîùê≠ùê®ùê©ùê¢ùêö,https://www.youtube.com/watch?v=prXWgjbX9Zs&list=PLCVZdmK6MjABxkwzhoJ1owz7TTRLLmTLb,Upbeat Utopia: positivity : negativity,13
15,Upbeat Utopia songs,Utopia Unplugged,https://www.youtube.com/watch?v=4WJoY2aZuVk&list=PL8UgHKIvShpzycluzh4phERwRIHZLsTDh,Upbeat Utopia: positivity : negativity,14
15,Upbeat Utopia songs,Ever After Soundtrack,https://www.youtube.com/watch?v=Hdi_3FFAwa0&list=PL6CCF29172FE3D582,Upbeat Utopia: positivity : negativity,15
